timestamp,callsign,aircraft_code,airline_name,airline_code,airline_icao,altitude_ft,speed_knots,origin_icao,origin_name,origin_country,destination_icao,destination_name,destination_country,route_description
2025-04-09T03:57:06.604843,BAW34,B789,British Airways,BA,BAW,37975,455,WMKK,Kuala Lumpur International Airport,Malaysia,EGLL,London Heathrow Airport,United Kingdom,WMKK (Kuala Lumpur International Airport) → EGLL (London Heathrow Airport)
2025-04-09T03:57:06.604843,CPA254,B77W,Cathay Pacific,CX,CPA,33000,510,EGLL,London Heathrow Airport,United Kingdom,VHHH,Hong Kong International Airport,Hong Kong,EGLL (London Heathrow Airport) → VHHH (Hong Kong International Airport)
2025-04-09T03:57:06.604843,DLH613,A20N,Lufthansa,LH,DLH,36025,406,UBBB,Baku Heydar Aliyev International Airport,Azerbaijan,EDDF,Frankfurt Airport,Germany,UBBB (Baku Heydar Aliyev International Airport) → EDDF (Frankfurt Airport)
2025-04-09T03:57:06.604843,THY163,A359,Turkish Airlines,TK,THY,27125,372,VVTS,Ho Chi Minh City International Airport,Vietnam,LTFM,Istanbul Airport,Turkey,VVTS (Ho Chi Minh City International Airport) → LTFM (Istanbul Airport)
2025-04-09T03:57:06.604843,THY7JK,A21N,Turkish Airlines,TK,THY,28375,381,ORER,Erbil International Airport,Iraq,LTFM,Istanbul Airport,Turkey,ORER (Erbil International Airport) → LTFM (Istanbul Airport)
2025-04-09T03:57:06.604843,AFR185,A359,Air France,AF,AFR,40000,830,VHHH,Hong Kong International Airport,Hong Kong,LFPG,Paris Charles de Gaulle Airport,France,VHHH (Hong Kong International Airport) → LFPG (Paris Charles de Gaulle Airport)
2025-04-09T03:57:06.604843,AFR655,B77W,Air France,AF,AFR,34000,448,OMDB,Dubai International Airport,United Arab Emirates,LFPG,Paris Charles de Gaulle Airport,France,OMDB (Dubai International Airport) → LFPG (Paris Charles de Gaulle Airport)
2025-04-09T03:57:06.604843,BAW125,B789,British Airways,BA,BAW,38975,510,EGLL,London Heathrow Airport,United Kingdom,OBBI,Bahrain International Airport,Bahrain,EGLL (London Heathrow Airport) → OBBI (Bahrain International Airport)
2025-04-09T03:57:06.604843,BAW105,B772,British Airways,BA,BAW,39000,516,EGLL,London Heathrow Airport,United Kingdom,OMDB,Dubai International Airport,United Arab Emirates,EGLL (London Heathrow Airport) → OMDB (Dubai International Airport)
2025-04-09T03:57:06.604843,AAL293,B789,American Airlines,AA,AAL,35975,448,VIDP,Delhi Indira Gandhi International Airport,India,KJFK,New York John F. Kennedy International Airport,United States,VIDP (Delhi Indira Gandhi International Airport) → KJFK (New York John F. Kennedy International Airport)
2025-04-09T03:57:06.604843,EWG5D,A20N,Eurowings,EW,EWG,38025,418,OMDW,Dubai World Central International Airport,United Arab Emirates,EDDB,Berlin Brandenburg Airport,Germany,OMDW (Dubai World Central International Airport) → EDDB (Berlin Brandenburg Airport)
2025-04-09T03:57:06.604843,OMA144,B789,Oman Air,WY,OMA,36975,536,LIMC,Milan Malpensa Airport,Italy,OOMS,Muscat International Airport,Oman,LIMC (Milan Malpensa Airport) → OOMS (Muscat International Airport)
2025-04-09T03:57:06.604843,THY5CH,A320,Turkish Airlines,TK,THY,36000,424,LTAU,Kayseri Erkilet International Airport,Turkey,LTFM,Istanbul Airport,Turkey,LTAU (Kayseri Erkilet International Airport) → LTFM (Istanbul Airport)
2025-04-09T03:57:06.604843,BAW16,B789,British Airways,BA,BAW,40000,450,WSSS,Singapore Changi Airport,Singapore,EGLL,London Heathrow Airport,United Kingdom,WSSS (Singapore Changi Airport) → EGLL (London Heathrow Airport)
2025-04-09T03:57:06.604843,DLH631,A333,Lufthansa,LH,DLH,38000,436,OMDB,Dubai International Airport,United Arab Emirates,EDDF,Frankfurt Airport,Germany,OMDB (Dubai International Airport) → EDDF (Frankfurt Airport)
2025-04-09T03:57:06.604843,GL7T,GL7T,GL7,,GL7,43000,538,,,,,,,? (Unknown) → ? (Unknown)
2025-04-09T03:57:06.604843,UAE24,A359,Emirates,EK,UAE,41000,537,EGPH,Edinburgh Airport,United Kingdom,OMDB,Dubai International Airport,United Arab Emirates,EGPH (Edinburgh Airport) → OMDB (Dubai International Airport)
2025-04-09T03:57:06.604843,UAE78P,B77W,Emirates,EK,UAE,35000,500,EIDW,Dublin Airport,Ireland,OMDB,Dubai International Airport,United Arab Emirates,EIDW (Dublin Airport) → OMDB (Dubai International Airport)
2025-04-09T03:57:06.604843,HKC9486,A332,Hong Kong Air Cargo,RH,HKC,33000,466,LTFM,Istanbul Airport,Turkey,UAAA,Almaty International Airport,Kazakhstan,LTFM (Istanbul Airport) → UAAA (Almaty International Airport)
2025-04-09T03:57:06.604843,UAE6,A388,Emirates,EK,UAE,39000,526,EGLL,London Heathrow Airport,United Kingdom,OMDB,Dubai International Airport,United Arab Emirates,EGLL (London Heathrow Airport) → OMDB (Dubai International Airport)
2025-04-09T03:57:06.604843,AFR224,A359,Air France,AF,AFR,35000,530,LFPG,Paris Charles de Gaulle Airport,France,RPLL,Manila Ninoy Aquino International Airport,Philippines,LFPG (Paris Charles de Gaulle Airport) → RPLL (Manila Ninoy Aquino International Airport)
2025-04-09T03:57:06.604843,UBD432,A320,UR Airlines,UD,UBD,35025,468,EKCH,Copenhagen Airport,Denmark,ORER,Erbil International Airport,Iraq,EKCH (Copenhagen Airport) → ORER (Erbil International Airport)
2025-04-09T03:57:06.604843,QTR53P,B77W,Qatar Airways,QR,QTR,35000,500,KJFK,New York John F. Kennedy International Airport,United States,OTHH,Doha Hamad International Airport,Qatar,KJFK (New York John F. Kennedy International Airport) → OTHH (Doha Hamad International Airport)
2025-04-09T03:57:06.604843,THY9YM,A321,Turkish Airlines,TK,THY,27875,389,LTCB,Ordu Giresun Airport,Turkey,LTFM,Istanbul Airport,Turkey,LTCB (Ordu Giresun Airport) → LTFM (Istanbul Airport)
2025-04-09T03:57:06.604843,AIC132,B788,Air India,AI,AIC,39000,650,EGLL,London Heathrow Airport,United Kingdom,VOBL,Bengaluru Kempegowda International Airport,India,EGLL (London Heathrow Airport) → VOBL (Bengaluru Kempegowda International Airport)
2025-04-09T03:57:06.604843,THY1RP,A21N,Turkish Airlines,TK,THY,34000,362,UBBB,Baku Heydar Aliyev International Airport,Azerbaijan,LTFM,Istanbul Airport,Turkey,UBBB (Baku Heydar Aliyev International Airport) → LTFM (Istanbul Airport)
2025-04-09T03:57:06.604843,FIN99,A359,Finnair,AY,FIN,37000,552,EFHK,Helsinki Vantaa Airport,Finland,VHHH,Hong Kong International Airport,Hong Kong,EFHK (Helsinki Vantaa Airport) → VHHH (Hong Kong International Airport)
2025-04-09T03:57:06.604843,AFR116,B77W,Air France,AF,AFR,33000,530,LFPG,Paris Charles de Gaulle Airport,France,ZSPD,Shanghai Pudong International Airport,China,LFPG (Paris Charles de Gaulle Airport) → ZSPD (Shanghai Pudong International Airport)
2025-04-09T03:57:06.604843,THY1AQ,A321,Turkish Airlines,TK,THY,34000,376,OIIE,Tehran Imam Khomeini International Airport,Iran,LTFM,Istanbul Airport,Turkey,OIIE (Tehran Imam Khomeini International Airport) → LTFM (Istanbul Airport)
2025-04-09T03:57:06.604843,FIN87,A359,Finnair,AY,FIN,37000,554,EFHK,Helsinki Vantaa Airport,Finland,ZSPD,Shanghai Pudong International Airport,China,EFHK (Helsinki Vantaa Airport) → ZSPD (Shanghai Pudong International Airport)
2025-04-09T03:57:06.604843,DLH773,A388,Lufthansa,LH,DLH,40025,436,VTBS,Bangkok Suvarnabhumi Airport,Thailand,EDDM,Munich Airport,Germany,VTBS (Bangkok Suvarnabhumi Airport) → EDDM (Munich Airport)
2025-04-09T03:57:06.604843,AFR257,B77W,Air France,AF,AFR,30000,448,WSSS,Singapore Changi Airport,Singapore,LFPG,Paris Charles de Gaulle Airport,France,WSSS (Singapore Changi Airport) → LFPG (Paris Charles de Gaulle Airport)
2025-04-09T03:57:06.604843,GFA006,B789,Gulf Air,GF,GFA,39000,522,EGLL,London Heathrow Airport,United Kingdom,OBBI,Bahrain International Airport,Bahrain,EGLL (London Heathrow Airport) → OBBI (Bahrain International Airport)
2025-04-09T03:57:06.604843,KLM888,B789,KLM,KL,KLM,38000,420,VHHH,Hong Kong International Airport,Hong Kong,EHAM,Amsterdam Schiphol Airport,Netherlands,VHHH (Hong Kong International Airport) → EHAM (Amsterdam Schiphol Airport)
2025-04-09T03:57:06.604843,THY8BV,B39M,Turkish Airlines,TK,THY,12975,348,LTFH,Samsun Carsamba Airport,Turkey,LTFM,Istanbul Airport,Turkey,LTFH (Samsun Carsamba Airport) → LTFM (Istanbul Airport)
2025-04-09T03:57:06.604843,SXS5E,B738,SunExpress,XQ,SXS,33425,374,LTCG,Trabzon Airport,Turkey,EDDL,Dusseldorf International Airport,Germany,LTCG (Trabzon Airport) → EDDL (Dusseldorf International Airport)
2025-04-09T03:57:06.604843,THY347,A21N,Turkish Airlines,TK,THY,34000,382,UCFM,Bishkek Manas International Airport,Kyrgyzstan,LTFM,Istanbul Airport,Turkey,UCFM (Bishkek Manas International Airport) → LTFM (Istanbul Airport)
2025-04-09T03:57:06.604843,THY199,B77W,Turkish Airlines,TK,THY,36000,402,RJTT,Tokyo Haneda International Airport,Japan,LTFM,Istanbul Airport,Turkey,RJTT (Tokyo Haneda International Airport) → LTFM (Istanbul Airport)
2025-04-09T03:57:06.604843,SWR243,B77W,Swiss,LX,SWR,36000,426,OMDB,Dubai International Airport,United Arab Emirates,LSZH,Zurich Airport,Switzerland,OMDB (Dubai International Airport) → LSZH (Zurich Airport)
2025-04-09T03:57:06.604843,THY323,A21N,Turkish Airlines,TK,THY,34000,374,UTAA,Ashgabat International Airport,Turkmenistan,LTFM,Istanbul Airport,Turkey,UTAA (Ashgabat International Airport) → LTFM (Istanbul Airport)
2025-04-09T03:57:06.604843,THY067,A359,Turkish Airlines,TK,THY,40000,461,WADD,Denpasar Ngurah Rai International Airport,Indonesia,LTFM,Istanbul Airport,Turkey,WADD (Denpasar Ngurah Rai International Airport) → LTFM (Istanbul Airport)
2025-04-09T03:57:06.604843,THY25,B77W,Turkish Airlines,TK,THY,36000,100,RCTP,Taipei Taoyuan International Airport,Taiwan,LTFM,Istanbul Airport,Turkey,RCTP (Taipei Taoyuan International Airport) → LTFM (Istanbul Airport)
2025-04-09T03:57:06.604843,THY165,A359,Turkish Airlines,TK,THY,40000,430,VVNB,Hanoi Noi Bai International Airport,Vietnam,LTFM,Istanbul Airport,Turkey,VVNB (Hanoi Noi Bai International Airport) → LTFM (Istanbul Airport)
2025-04-09T03:57:06.604843,KLM810,B789,KLM,KL,KLM,37975,418,WMKK,Kuala Lumpur International Airport,Malaysia,EHAM,Amsterdam Schiphol Airport,Netherlands,WMKK (Kuala Lumpur International Airport) → EHAM (Amsterdam Schiphol Airport)
2025-04-09T03:57:06.604843,BAW2230,B772,British Airways,BA,BAW,36000,390,VTBS,Bangkok Suvarnabhumi Airport,Thailand,EGKK,London Gatwick Airport,United Kingdom,VTBS (Bangkok Suvarnabhumi Airport) → EGKK (London Gatwick Airport)
2025-04-09T03:57:06.604843,SIA322,A388,Singapore Airlines,SQ,SIA,40000,438,WSSS,Singapore Changi Airport,Singapore,EGLL,London Heathrow Airport,United Kingdom,WSSS (Singapore Changi Airport) → EGLL (London Heathrow Airport)
2025-04-09T03:57:06.604843,SWR155,A343,Swiss,LX,SWR,34000,413,VABB,Mumbai Chhatrapati Shivaji International Airport,India,LSZH,Zurich Airport,Switzerland,VABB (Mumbai Chhatrapati Shivaji International Airport) → LSZH (Zurich Airport)
2025-04-09T04:28:37.823327,AFR257,B77W,Air France,AF,AFR,32000,449,WSSS,Singapore Changi Airport,Singapore,LFPG,Paris Charles de Gaulle Airport,France,WSSS (Singapore Changi Airport) → LFPG (Paris Charles de Gaulle Airport)
2025-04-09T04:28:37.823327,THY1AQ,A321,Turkish Airlines,TK,THY,26900,414,OIIE,Tehran Imam Khomeini International Airport,Iran,LTFM,Istanbul Airport,Turkey,OIIE (Tehran Imam Khomeini International Airport) → LTFM (Istanbul Airport)
2025-04-09T04:28:37.823327,KLM888,B789,KLM,KL,KLM,38000,458,VHHH,Hong Kong International Airport,Hong Kong,EHAM,Amsterdam Schiphol Airport,Netherlands,VHHH (Hong Kong International Airport) → EHAM (Amsterdam Schiphol Airport)
2025-04-09T04:28:37.823327,THY5UJ,B38M,Turkish Airlines,TK,THY,23850,348,LTAC,Ankara Esenboga International Airport,Turkey,LTFM,Istanbul Airport,Turkey,LTAC (Ankara Esenboga International Airport) → LTFM (Istanbul Airport)
2025-04-09T04:28:37.823327,THY6TM,A21N,Turkish Airlines,TK,THY,30725,393,ORBI,Baghdad International Airport,Iraq,LTFM,Istanbul Airport,Turkey,ORBI (Baghdad International Airport) → LTFM (Istanbul Airport)
2025-04-09T04:28:37.823327,PGT1742,A20N,Pegasus,PC,PGT,23575,446,LPPT,Lisbon Humberto Delgado Airport,Portugal,LTAC,Ankara Esenboga International Airport,Turkey,LPPT (Lisbon Humberto Delgado Airport) → LTAC (Ankara Esenboga International Airport)
2025-04-09T04:28:37.823327,THY25,B77W,Turkish Airlines,TK,THY,34875,421,RCTP,Taipei Taoyuan International Airport,Taiwan,LTFM,Istanbul Airport,Turkey,RCTP (Taipei Taoyuan International Airport) → LTFM (Istanbul Airport)
2025-04-09T04:28:37.823327,FDB6PS,B38M,flydubai,FZ,FDB,39000,495,LBSF,Sofia Airport,Bulgaria,OMDB,Dubai International Airport,United Arab Emirates,LBSF (Sofia Airport) → OMDB (Dubai International Airport)
2025-04-09T04:28:37.823327,THY69,A333,Turkish Airlines,TK,THY,36400,427,VTBS,Bangkok Suvarnabhumi Airport,Thailand,LTFM,Istanbul Airport,Turkey,VTBS (Bangkok Suvarnabhumi Airport) → LTFM (Istanbul Airport)
2025-04-09T04:28:37.823327,SXS5E,B738,SunExpress,XQ,SXS,38000,408,LTCG,Trabzon Airport,Turkey,EDDL,Dusseldorf International Airport,Germany,LTCG (Trabzon Airport) → EDDL (Dusseldorf International Airport)
2025-04-09T04:28:37.823327,THY323,A21N,Turkish Airlines,TK,THY,34000,408,UTAA,Ashgabat International Airport,Turkmenistan,LTFM,Istanbul Airport,Turkey,UTAA (Ashgabat International Airport) → LTFM (Istanbul Airport)
2025-04-09T04:28:37.823327,THY199,B77W,Turkish Airlines,TK,THY,36000,422,RJTT,Tokyo Haneda International Airport,Japan,LTFM,Istanbul Airport,Turkey,RJTT (Tokyo Haneda International Airport) → LTFM (Istanbul Airport)
2025-04-09T04:28:37.823327,THY165,A359,Turkish Airlines,TK,THY,38000,446,VVNB,Hanoi Noi Bai International Airport,Vietnam,LTFM,Istanbul Airport,Turkey,VVNB (Hanoi Noi Bai International Airport) → LTFM (Istanbul Airport)
2025-04-09T04:28:37.823327,SXS9R,B738,SunExpress,XQ,SXS,38000,428,LTDB,Mersin Cukurova International Airport,Turkey,EDDL,Dusseldorf International Airport,Germany,LTDB (Mersin Cukurova International Airport) → EDDL (Dusseldorf International Airport)
2025-04-09T04:28:37.823327,THY067,A359,Turkish Airlines,TK,THY,40000,444,WADD,Denpasar Ngurah Rai International Airport,Indonesia,LTFM,Istanbul Airport,Turkey,WADD (Denpasar Ngurah Rai International Airport) → LTFM (Istanbul Airport)
2025-04-09T04:28:37.823327,THY8BV,B39M,Turkish Airlines,TK,THY,30000,150,LTFH,Samsun Carsamba Airport,Turkey,LTFM,Istanbul Airport,Turkey,LTFH (Samsun Carsamba Airport) → LTFM (Istanbul Airport)
2025-04-09T04:28:37.823327,KLM810,B789,KLM,KL,KLM,39975,443,WMKK,Kuala Lumpur International Airport,Malaysia,EHAM,Amsterdam Schiphol Airport,Netherlands,WMKK (Kuala Lumpur International Airport) → EHAM (Amsterdam Schiphol Airport)
2025-04-09T04:28:37.823327,THY347,A21N,Turkish Airlines,TK,THY,33975,398,UCFM,Bishkek Manas International Airport,Kyrgyzstan,LTFM,Istanbul Airport,Turkey,UCFM (Bishkek Manas International Airport) → LTFM (Istanbul Airport)
2025-04-09T04:28:37.823327,SWR243,B77W,Swiss,LX,SWR,36000,438,OMDB,Dubai International Airport,United Arab Emirates,LSZH,Zurich Airport,Switzerland,OMDB (Dubai International Airport) → LSZH (Zurich Airport)
2025-04-09T04:28:37.823327,BAW2230,B772,British Airways,BA,BAW,36000,430,VTBS,Bangkok Suvarnabhumi Airport,Thailand,EGKK,London Gatwick Airport,United Kingdom,VTBS (Bangkok Suvarnabhumi Airport) → EGKK (London Gatwick Airport)
2025-04-09T04:28:37.823327,ETD945,B77L,Etihad Airways,EY,ETD,32000,459,OMAA,Abu Dhabi Zayed International Airport,United Arab Emirates,EDDF,Frankfurt Airport,Germany,OMAA (Abu Dhabi Zayed International Airport) → EDDF (Frankfurt Airport)
2025-04-09T04:28:37.823327,SIA322,A388,Singapore Airlines,SQ,SIA,40000,456,WSSS,Singapore Changi Airport,Singapore,EGLL,London Heathrow Airport,United Kingdom,WSSS (Singapore Changi Airport) → EGLL (London Heathrow Airport)
2025-04-09T04:28:37.823327,BAW106,B772,British Airways,BA,BAW,38000,440,OMDB,Dubai International Airport,United Arab Emirates,EGLL,London Heathrow Airport,United Kingdom,OMDB (Dubai International Airport) → EGLL (London Heathrow Airport)
2025-04-09T04:28:37.823327,SWR155,A343,Swiss,LX,SWR,36000,430,VABB,Mumbai Chhatrapati Shivaji International Airport,India,LSZH,Zurich Airport,Switzerland,VABB (Mumbai Chhatrapati Shivaji International Airport) → LSZH (Zurich Airport)
2025-04-09T04:28:37.823327,HVN37,B789,Vietnam Airlines,VN,HVN,38000,430,VVNB,Hanoi Noi Bai International Airport,Vietnam,EDDF,Frankfurt Airport,Germany,VVNB (Hanoi Noi Bai International Airport) → EDDF (Frankfurt Airport)
2025-04-09T04:28:37.823327,TKJ186,B38M,AJet,VF,TKJ,38000,382,OIIE,Tehran Imam Khomeini International Airport,Iran,LTFJ,Istanbul Sabiha Gokcen International Airport,Turkey,OIIE (Tehran Imam Khomeini International Airport) → LTFJ (Istanbul Sabiha Gokcen International Airport)
2025-04-09T04:28:37.823327,THY89,B77W,Turkish Airlines,TK,THY,36000,390,ZBAA,Beijing Capital International Airport,China,LTFM,Istanbul Airport,Turkey,ZBAA (Beijing Capital International Airport) → LTFM (Istanbul Airport)
2025-04-09T04:28:37.823327,CLX7092,B744,Cargolux,CV,CLX,40000,434,OBBI,Bahrain International Airport,Bahrain,ELLX,Luxembourg Findel Airport,Luxembourg,OBBI (Bahrain International Airport) → ELLX (Luxembourg Findel Airport)
2025-04-09T04:28:37.823327,THY71,B77W,Turkish Airlines,TK,THY,34000,404,VHHH,Hong Kong International Airport,Hong Kong,LTFM,Istanbul Airport,Turkey,VHHH (Hong Kong International Airport) → LTFM (Istanbul Airport)
2025-04-09T04:28:37.823327,SWR147,A333,Swiss,LX,SWR,38000,398,VIDP,Delhi Indira Gandhi International Airport,India,LSZH,Zurich Airport,Switzerland,VIDP (Delhi Indira Gandhi International Airport) → LSZH (Zurich Airport)
2025-04-09T04:28:37.823327,EWG9V,A20N,Eurowings,EW,EWG,37975,384,OMDW,Dubai World Central International Airport,United Arab Emirates,EDDS,Stuttgart Airport,Germany,OMDW (Dubai World Central International Airport) → EDDS (Stuttgart Airport)
2025-04-09T04:28:37.823327,MAS2,A359,Malaysia Airlines,MH,MAS,40000,427,WMKK,Kuala Lumpur International Airport,Malaysia,EGLL,London Heathrow Airport,United Kingdom,WMKK (Kuala Lumpur International Airport) → EGLL (London Heathrow Airport)
2025-04-09T04:28:37.823327,QTR54K,A359,Qatar Airways,QR,QTR,40000,426,OTHH,Doha Hamad International Airport,Qatar,EGPH,Edinburgh Airport,United Kingdom,OTHH (Doha Hamad International Airport) → EGPH (Edinburgh Airport)
2025-04-09T04:28:37.823327,THY85,B77W,Turkish Airlines,TK,THY,36000,404,RPLL,Manila Ninoy Aquino International Airport,Philippines,LTFM,Istanbul Airport,Turkey,RPLL (Manila Ninoy Aquino International Airport) → LTFM (Istanbul Airport)
2025-04-09T04:28:37.823327,LOT4MG,B738,LOT,LO,LOT,38000,380,UGTB,Tbilisi International Airport,Georgia,EPWA,Warsaw Chopin Airport,Poland,UGTB (Tbilisi International Airport) → EPWA (Warsaw Chopin Airport)
2025-04-09T04:28:37.823327,DLH769,A359,Lufthansa,LH,DLH,40000,520,WSSS,Singapore Changi Airport,Singapore,EDDM,Munich Airport,Germany,WSSS (Singapore Changi Airport) → EDDM (Munich Airport)
2025-04-09T04:28:37.823327,AUA872,A320,Austrian Airlines,OS,AUA,36000,384,OIIE,Tehran Imam Khomeini International Airport,Iran,LOWW,Vienna International Airport,Austria,OIIE (Tehran Imam Khomeini International Airport) → LOWW (Vienna International Airport)
2025-04-09T04:28:37.823327,MAS22,A359,Malaysia Airlines,MH,MAS,40000,424,WMKK,Kuala Lumpur International Airport,Malaysia,LFPG,Paris Charles de Gaulle Airport,France,WMKK (Kuala Lumpur International Airport) → LFPG (Paris Charles de Gaulle Airport)
2025-04-09T04:28:37.823327,AUA26,B772,Austrian Airlines,OS,AUA,38000,438,VTBS,Bangkok Suvarnabhumi Airport,Thailand,LOWW,Vienna International Airport,Austria,VTBS (Bangkok Suvarnabhumi Airport) → LOWW (Vienna International Airport)
2025-04-09T04:28:37.823327,DLH781,B744,Lufthansa,LH,DLH,38000,397,WSSS,Singapore Changi Airport,Singapore,EDDF,Frankfurt Airport,Germany,WSSS (Singapore Changi Airport) → EDDF (Frankfurt Airport)
2025-04-09T04:28:37.823327,QTR88L,B789,Qatar Airways,QR,QTR,37975,425,OTHH,Doha Hamad International Airport,Qatar,EGCC,Manchester Airport,United Kingdom,OTHH (Doha Hamad International Airport) → EGCC (Manchester Airport)
2025-04-09T04:28:37.823327,CPA254,B77W,Cathay Pacific,CX,CPA,33000,522,EGLL,London Heathrow Airport,United Kingdom,VHHH,Hong Kong International Airport,Hong Kong,EGLL (London Heathrow Airport) → VHHH (Hong Kong International Airport)
2025-04-09T04:28:37.823327,LOT126,B38M,LOT,LO,LOT,40000,394,OERK,Riyadh King Khalid International Airport,Saudi Arabia,EPWA,Warsaw Chopin Airport,Poland,OERK (Riyadh King Khalid International Airport) → EPWA (Warsaw Chopin Airport)
2025-04-09T04:28:37.823327,QTR37U,B789,Qatar Airways,QR,QTR,36000,428,OTHH,Doha Hamad International Airport,Qatar,EIDW,Dublin Airport,Ireland,OTHH (Doha Hamad International Airport) → EIDW (Dublin Airport)
2025-04-09T04:28:37.823327,BAW32,A35K,British Airways,BA,BAW,40000,422,VHHH,Hong Kong International Airport,Hong Kong,EGLL,London Heathrow Airport,United Kingdom,VHHH (Hong Kong International Airport) → EGLL (London Heathrow Airport)
2025-04-09T04:28:37.823327,SWR177,B77W,Swiss,LX,SWR,34000,414,WSSS,Singapore Changi Airport,Singapore,LSZH,Zurich Airport,Switzerland,WSSS (Singapore Changi Airport) → LSZH (Zurich Airport)
2025-04-09T04:28:37.823327,THA900,A359,Thai Airways,TG,THA,40000,930,VTBS,Bangkok Suvarnabhumi Airport,Thailand,LTFM,Istanbul Airport,Turkey,VTBS (Bangkok Suvarnabhumi Airport) → LTFM (Istanbul Airport)
2025-04-09T04:28:37.823327,CPA251,B77W,Cathay Pacific,CX,CPA,34000,412,VHHH,Hong Kong International Airport,Hong Kong,EGLL,London Heathrow Airport,United Kingdom,VHHH (Hong Kong International Airport) → EGLL (London Heathrow Airport)
2025-04-09T04:28:37.823327,THY27,B77W,Turkish Airlines,TK,THY,34000,400,ZSPD,Shanghai Pudong International Airport,China,LTFM,Istanbul Airport,Turkey,ZSPD (Shanghai Pudong International Airport) → LTFM (Istanbul Airport)
2025-04-09T04:28:37.823327,ITY857,A21N,ITA Airways,AZ,ITY,34000,488,OMDB,Dubai International Airport,United Arab Emirates,LIRF,Rome Leonardo da Vinci Fiumicino Airport,Italy,OMDB (Dubai International Airport) → LIRF (Rome Leonardo da Vinci Fiumicino Airport)
2025-04-09T04:28:37.823327,SWR139,B77W,Swiss,LX,SWR,32000,424,VHHH,Hong Kong International Airport,Hong Kong,LSZH,Zurich Airport,Switzerland,VHHH (Hong Kong International Airport) → LSZH (Zurich Airport)
2025-04-09T04:28:37.823327,HVN19,A359,Vietnam Airlines,VN,HVN,40000,424,VVNB,Hanoi Noi Bai International Airport,Vietnam,LFPG,Paris Charles de Gaulle Airport,France,VVNB (Hanoi Noi Bai International Airport) → LFPG (Paris Charles de Gaulle Airport)
2025-04-09T04:28:37.823327,THY87,B77W,Turkish Airlines,TK,THY,36000,404,RJBB,Osaka Kansai International Airport,Japan,LTFM,Istanbul Airport,Turkey,RJBB (Osaka Kansai International Airport) → LTFM (Istanbul Airport)
2025-04-09T04:28:37.823327,THY73,B77W,Turkish Airlines,TK,THY,34000,399,ZGGG,Guangzhou Baiyun International Airport,China,LTFM,Istanbul Airport,Turkey,ZGGG (Guangzhou Baiyun International Airport) → LTFM (Istanbul Airport)
2025-04-09T04:28:37.823327,SIA378,A359,Singapore Airlines,SQ,SIA,40000,436,WSSS,Singapore Changi Airport,Singapore,LIMC,Milan Malpensa Airport,Italy,WSSS (Singapore Changi Airport) → LIMC (Milan Malpensa Airport)
2025-04-09T04:28:37.823327,THY5NP,B738,Turkish Airlines,TK,THY,34000,362,LTFO,Rize Artvin Airport,Turkey,LTFM,Istanbul Airport,Turkey,LTFO (Rize Artvin Airport) → LTFM (Istanbul Airport)
2025-04-09T04:28:37.823327,BAW126,B772,British Airways,BA,BAW,38000,416,OTHH,Doha Hamad International Airport,Qatar,EGLL,London Heathrow Airport,United Kingdom,OTHH (Doha Hamad International Airport) → EGLL (London Heathrow Airport)
2025-04-09T04:30:34.123752,KLM888,B789,KLM,KL,KLM,38000,458,VHHH,Hong Kong International Airport,Hong Kong,EHAM,Amsterdam Schiphol Airport,Netherlands,VHHH (Hong Kong International Airport) → EHAM (Amsterdam Schiphol Airport)
2025-04-09T04:30:34.123752,THY1AQ,A321,Turkish Airlines,TK,THY,24925,412,OIIE,Tehran Imam Khomeini International Airport,Iran,LTFM,Istanbul Airport,Turkey,OIIE (Tehran Imam Khomeini International Airport) → LTFM (Istanbul Airport)
2025-04-09T04:30:34.123752,THY5UJ,B38M,Turkish Airlines,TK,THY,21900,366,LTAC,Ankara Esenboga International Airport,Turkey,LTFM,Istanbul Airport,Turkey,LTAC (Ankara Esenboga International Airport) → LTFM (Istanbul Airport)
2025-04-09T04:30:34.123752,THY6TM,A21N,Turkish Airlines,TK,THY,28725,383,ORBI,Baghdad International Airport,Iraq,LTFM,Istanbul Airport,Turkey,ORBI (Baghdad International Airport) → LTFM (Istanbul Airport)
2025-04-09T04:30:34.123752,THY25,B77W,Turkish Airlines,TK,THY,32875,418,RCTP,Taipei Taoyuan International Airport,Taiwan,LTFM,Istanbul Airport,Turkey,RCTP (Taipei Taoyuan International Airport) → LTFM (Istanbul Airport)
2025-04-09T04:30:34.123752,THY69,A333,Turkish Airlines,TK,THY,34475,431,VTBS,Bangkok Suvarnabhumi Airport,Thailand,LTFM,Istanbul Airport,Turkey,VTBS (Bangkok Suvarnabhumi Airport) → LTFM (Istanbul Airport)
2025-04-09T04:30:34.123752,SXS5E,B738,SunExpress,XQ,SXS,38000,408,LTCG,Trabzon Airport,Turkey,EDDL,Dusseldorf International Airport,Germany,LTCG (Trabzon Airport) → EDDL (Dusseldorf International Airport)
2025-04-09T04:30:34.123752,THY323,A21N,Turkish Airlines,TK,THY,32900,394,UTAA,Ashgabat International Airport,Turkmenistan,LTFM,Istanbul Airport,Turkey,UTAA (Ashgabat International Airport) → LTFM (Istanbul Airport)
2025-04-09T04:30:34.123752,THY199,B77W,Turkish Airlines,TK,THY,36000,422,RJTT,Tokyo Haneda International Airport,Japan,LTFM,Istanbul Airport,Turkey,RJTT (Tokyo Haneda International Airport) → LTFM (Istanbul Airport)
2025-04-09T04:30:34.123752,THY165,A359,Turkish Airlines,TK,THY,38000,446,VVNB,Hanoi Noi Bai International Airport,Vietnam,LTFM,Istanbul Airport,Turkey,VVNB (Hanoi Noi Bai International Airport) → LTFM (Istanbul Airport)
2025-04-09T04:30:34.123752,THY067,A359,Turkish Airlines,TK,THY,40000,451,WADD,Denpasar Ngurah Rai International Airport,Indonesia,LTFM,Istanbul Airport,Turkey,WADD (Denpasar Ngurah Rai International Airport) → LTFM (Istanbul Airport)
2025-04-09T04:30:34.123752,SXS9R,B738,SunExpress,XQ,SXS,38000,424,LTDB,Mersin Cukurova International Airport,Turkey,EDDL,Dusseldorf International Airport,Germany,LTDB (Mersin Cukurova International Airport) → EDDL (Dusseldorf International Airport)
2025-04-09T04:30:34.123752,FDB6PS,B38M,flydubai,FZ,FDB,39000,486,LBSF,Sofia Airport,Bulgaria,OMDB,Dubai International Airport,United Arab Emirates,LBSF (Sofia Airport) → OMDB (Dubai International Airport)
2025-04-09T04:30:34.123752,KLM810,B789,KLM,KL,KLM,40000,454,WMKK,Kuala Lumpur International Airport,Malaysia,EHAM,Amsterdam Schiphol Airport,Netherlands,WMKK (Kuala Lumpur International Airport) → EHAM (Amsterdam Schiphol Airport)
2025-04-09T04:30:34.123752,THY8BV,B39M,Turkish Airlines,TK,THY,30000,390,LTFH,Samsun Carsamba Airport,Turkey,LTFM,Istanbul Airport,Turkey,LTFH (Samsun Carsamba Airport) → LTFM (Istanbul Airport)
2025-04-09T04:30:34.123752,THY347,A21N,Turkish Airlines,TK,THY,34025,404,UCFM,Bishkek Manas International Airport,Kyrgyzstan,LTFM,Istanbul Airport,Turkey,UCFM (Bishkek Manas International Airport) → LTFM (Istanbul Airport)
2025-04-09T04:30:34.123752,SWR243,B77W,Swiss,LX,SWR,36000,442,OMDB,Dubai International Airport,United Arab Emirates,LSZH,Zurich Airport,Switzerland,OMDB (Dubai International Airport) → LSZH (Zurich Airport)
2025-04-09T04:30:34.123752,BAW2230,B772,British Airways,BA,BAW,36000,432,VTBS,Bangkok Suvarnabhumi Airport,Thailand,EGKK,London Gatwick Airport,United Kingdom,VTBS (Bangkok Suvarnabhumi Airport) → EGKK (London Gatwick Airport)
2025-04-09T04:30:34.123752,ETD945,B77L,Etihad Airways,EY,ETD,32000,455,OMAA,Abu Dhabi Zayed International Airport,United Arab Emirates,EDDF,Frankfurt Airport,Germany,OMAA (Abu Dhabi Zayed International Airport) → EDDF (Frankfurt Airport)
2025-04-09T04:30:34.123752,SIA322,A388,Singapore Airlines,SQ,SIA,40000,452,WSSS,Singapore Changi Airport,Singapore,EGLL,London Heathrow Airport,United Kingdom,WSSS (Singapore Changi Airport) → EGLL (London Heathrow Airport)
2025-04-09T04:30:34.123752,BAW106,B772,British Airways,BA,BAW,38000,442,OMDB,Dubai International Airport,United Arab Emirates,EGLL,London Heathrow Airport,United Kingdom,OMDB (Dubai International Airport) → EGLL (London Heathrow Airport)
2025-04-09T04:30:34.123752,SWR155,A343,Swiss,LX,SWR,36000,430,VABB,Mumbai Chhatrapati Shivaji International Airport,India,LSZH,Zurich Airport,Switzerland,VABB (Mumbai Chhatrapati Shivaji International Airport) → LSZH (Zurich Airport)
2025-04-09T04:30:34.123752,HVN37,B789,Vietnam Airlines,VN,HVN,38000,446,VVNB,Hanoi Noi Bai International Airport,Vietnam,EDDF,Frankfurt Airport,Germany,VVNB (Hanoi Noi Bai International Airport) → EDDF (Frankfurt Airport)
2025-04-09T04:30:34.123752,TKJ186,B38M,AJet,VF,TKJ,38000,382,OIIE,Tehran Imam Khomeini International Airport,Iran,LTFJ,Istanbul Sabiha Gokcen International Airport,Turkey,OIIE (Tehran Imam Khomeini International Airport) → LTFJ (Istanbul Sabiha Gokcen International Airport)
2025-04-09T04:30:34.123752,THY89,B77W,Turkish Airlines,TK,THY,36000,390,ZBAA,Beijing Capital International Airport,China,LTFM,Istanbul Airport,Turkey,ZBAA (Beijing Capital International Airport) → LTFM (Istanbul Airport)
2025-04-09T04:30:34.123752,CLX7092,B744,Cargolux,CV,CLX,40000,442,OBBI,Bahrain International Airport,Bahrain,ELLX,Luxembourg Findel Airport,Luxembourg,OBBI (Bahrain International Airport) → ELLX (Luxembourg Findel Airport)
2025-04-09T04:30:34.123752,THY71,B77W,Turkish Airlines,TK,THY,34000,404,VHHH,Hong Kong International Airport,Hong Kong,LTFM,Istanbul Airport,Turkey,VHHH (Hong Kong International Airport) → LTFM (Istanbul Airport)
2025-04-09T04:30:34.123752,SWR147,A333,Swiss,LX,SWR,38000,398,VIDP,Delhi Indira Gandhi International Airport,India,LSZH,Zurich Airport,Switzerland,VIDP (Delhi Indira Gandhi International Airport) → LSZH (Zurich Airport)
2025-04-09T04:30:34.123752,THY55,B789,Turkish Airlines,TK,THY,38000,422,WSSS,Singapore Changi Airport,Singapore,LTFM,Istanbul Airport,Turkey,WSSS (Singapore Changi Airport) → LTFM (Istanbul Airport)
2025-04-09T04:30:34.123752,EWG9V,A20N,Eurowings,EW,EWG,37975,384,OMDW,Dubai World Central International Airport,United Arab Emirates,EDDS,Stuttgart Airport,Germany,OMDW (Dubai World Central International Airport) → EDDS (Stuttgart Airport)
2025-04-09T04:30:34.123752,MAS2,A359,Malaysia Airlines,MH,MAS,40000,427,WMKK,Kuala Lumpur International Airport,Malaysia,EGLL,London Heathrow Airport,United Kingdom,WMKK (Kuala Lumpur International Airport) → EGLL (London Heathrow Airport)
2025-04-09T04:30:34.123752,QTR54K,A359,Qatar Airways,QR,QTR,40000,426,OTHH,Doha Hamad International Airport,Qatar,EGPH,Edinburgh Airport,United Kingdom,OTHH (Doha Hamad International Airport) → EGPH (Edinburgh Airport)
2025-04-09T04:30:34.123752,THY85,B77W,Turkish Airlines,TK,THY,36000,404,RPLL,Manila Ninoy Aquino International Airport,Philippines,LTFM,Istanbul Airport,Turkey,RPLL (Manila Ninoy Aquino International Airport) → LTFM (Istanbul Airport)
2025-04-09T04:30:34.123752,DLH769,A359,Lufthansa,LH,DLH,40000,520,WSSS,Singapore Changi Airport,Singapore,EDDM,Munich Airport,Germany,WSSS (Singapore Changi Airport) → EDDM (Munich Airport)
2025-04-09T04:30:34.123752,LOT4MG,B738,LOT,LO,LOT,38000,380,UGTB,Tbilisi International Airport,Georgia,EPWA,Warsaw Chopin Airport,Poland,UGTB (Tbilisi International Airport) → EPWA (Warsaw Chopin Airport)
2025-04-09T04:30:34.123752,MAS22,A359,Malaysia Airlines,MH,MAS,40000,424,WMKK,Kuala Lumpur International Airport,Malaysia,LFPG,Paris Charles de Gaulle Airport,France,WMKK (Kuala Lumpur International Airport) → LFPG (Paris Charles de Gaulle Airport)
2025-04-09T04:30:34.123752,AUA872,A320,Austrian Airlines,OS,AUA,36000,384,OIIE,Tehran Imam Khomeini International Airport,Iran,LOWW,Vienna International Airport,Austria,OIIE (Tehran Imam Khomeini International Airport) → LOWW (Vienna International Airport)
2025-04-09T04:30:34.123752,AUA26,B772,Austrian Airlines,OS,AUA,38000,438,VTBS,Bangkok Suvarnabhumi Airport,Thailand,LOWW,Vienna International Airport,Austria,VTBS (Bangkok Suvarnabhumi Airport) → LOWW (Vienna International Airport)
2025-04-09T04:30:34.123752,DLH781,B744,Lufthansa,LH,DLH,38000,397,WSSS,Singapore Changi Airport,Singapore,EDDF,Frankfurt Airport,Germany,WSSS (Singapore Changi Airport) → EDDF (Frankfurt Airport)
2025-04-09T04:30:34.123752,QTR88L,B789,Qatar Airways,QR,QTR,37975,425,OTHH,Doha Hamad International Airport,Qatar,EGCC,Manchester Airport,United Kingdom,OTHH (Doha Hamad International Airport) → EGCC (Manchester Airport)
2025-04-09T04:30:34.123752,THA900,A359,Thai Airways,TG,THA,40000,930,VTBS,Bangkok Suvarnabhumi Airport,Thailand,LTFM,Istanbul Airport,Turkey,VTBS (Bangkok Suvarnabhumi Airport) → LTFM (Istanbul Airport)
2025-04-09T04:30:34.123752,BAW32,A35K,British Airways,BA,BAW,40000,422,VHHH,Hong Kong International Airport,Hong Kong,EGLL,London Heathrow Airport,United Kingdom,VHHH (Hong Kong International Airport) → EGLL (London Heathrow Airport)
2025-04-09T04:30:34.123752,QTR37U,B789,Qatar Airways,QR,QTR,36000,427,OTHH,Doha Hamad International Airport,Qatar,EIDW,Dublin Airport,Ireland,OTHH (Doha Hamad International Airport) → EIDW (Dublin Airport)
2025-04-09T04:30:34.123752,SWR177,B77W,Swiss,LX,SWR,34000,414,WSSS,Singapore Changi Airport,Singapore,LSZH,Zurich Airport,Switzerland,WSSS (Singapore Changi Airport) → LSZH (Zurich Airport)
2025-04-09T04:30:34.123752,CPA251,B77W,Cathay Pacific,CX,CPA,34000,412,VHHH,Hong Kong International Airport,Hong Kong,EGLL,London Heathrow Airport,United Kingdom,VHHH (Hong Kong International Airport) → EGLL (London Heathrow Airport)
2025-04-09T04:30:34.123752,LOT126,B38M,LOT,LO,LOT,40000,394,OERK,Riyadh King Khalid International Airport,Saudi Arabia,EPWA,Warsaw Chopin Airport,Poland,OERK (Riyadh King Khalid International Airport) → EPWA (Warsaw Chopin Airport)
2025-04-09T04:30:34.123752,SWR139,B77W,Swiss,LX,SWR,32000,424,VHHH,Hong Kong International Airport,Hong Kong,LSZH,Zurich Airport,Switzerland,VHHH (Hong Kong International Airport) → LSZH (Zurich Airport)
2025-04-09T04:30:34.123752,HVN19,A359,Vietnam Airlines,VN,HVN,40000,424,VVNB,Hanoi Noi Bai International Airport,Vietnam,LFPG,Paris Charles de Gaulle Airport,France,VVNB (Hanoi Noi Bai International Airport) → LFPG (Paris Charles de Gaulle Airport)
2025-04-09T04:30:34.123752,CPA254,B77W,Cathay Pacific,CX,CPA,33000,522,EGLL,London Heathrow Airport,United Kingdom,VHHH,Hong Kong International Airport,Hong Kong,EGLL (London Heathrow Airport) → VHHH (Hong Kong International Airport)
2025-04-09T04:30:34.123752,THY27,B77W,Turkish Airlines,TK,THY,34000,400,ZSPD,Shanghai Pudong International Airport,China,LTFM,Istanbul Airport,Turkey,ZSPD (Shanghai Pudong International Airport) → LTFM (Istanbul Airport)
2025-04-09T04:30:34.123752,ITY857,A21N,ITA Airways,AZ,ITY,33975,489,OMDB,Dubai International Airport,United Arab Emirates,LIRF,Rome Leonardo da Vinci Fiumicino Airport,Italy,OMDB (Dubai International Airport) → LIRF (Rome Leonardo da Vinci Fiumicino Airport)
2025-04-09T04:30:34.123752,THY87,B77W,Turkish Airlines,TK,THY,36000,402,RJBB,Osaka Kansai International Airport,Japan,LTFM,Istanbul Airport,Turkey,RJBB (Osaka Kansai International Airport) → LTFM (Istanbul Airport)
2025-04-09T04:30:34.123752,SIA378,A359,Singapore Airlines,SQ,SIA,40000,435,WSSS,Singapore Changi Airport,Singapore,LIMC,Milan Malpensa Airport,Italy,WSSS (Singapore Changi Airport) → LIMC (Milan Malpensa Airport)
2025-04-09T04:30:34.123752,THY73,B77W,Turkish Airlines,TK,THY,34000,398,ZGGG,Guangzhou Baiyun International Airport,China,LTFM,Istanbul Airport,Turkey,ZGGG (Guangzhou Baiyun International Airport) → LTFM (Istanbul Airport)
2025-04-09T04:30:34.123752,THY5NP,B738,Turkish Airlines,TK,THY,34000,362,LTFO,Rize Artvin Airport,Turkey,LTFM,Istanbul Airport,Turkey,LTFO (Rize Artvin Airport) → LTFM (Istanbul Airport)
2025-04-09T04:30:34.123752,BAW126,B772,British Airways,BA,BAW,38000,418,OTHH,Doha Hamad International Airport,Qatar,EGLL,London Heathrow Airport,United Kingdom,OTHH (Doha Hamad International Airport) → EGLL (London Heathrow Airport)
2025-04-09T04:30:52.013750,KLM888,B789,KLM,KL,KLM,38000,458,VHHH,Hong Kong International Airport,Hong Kong,EHAM,Amsterdam Schiphol Airport,Netherlands,VHHH (Hong Kong International Airport) → EHAM (Amsterdam Schiphol Airport)
2025-04-09T04:30:52.013750,THY1AQ,A321,Turkish Airlines,TK,THY,24650,414,OIIE,Tehran Imam Khomeini International Airport,Iran,LTFM,Istanbul Airport,Turkey,OIIE (Tehran Imam Khomeini International Airport) → LTFM (Istanbul Airport)
2025-04-09T04:30:52.013750,THY5UJ,B38M,Turkish Airlines,TK,THY,21600,364,LTAC,Ankara Esenboga International Airport,Turkey,LTFM,Istanbul Airport,Turkey,LTAC (Ankara Esenboga International Airport) → LTFM (Istanbul Airport)
2025-04-09T04:30:52.013750,THY6TM,A21N,Turkish Airlines,TK,THY,28450,381,ORBI,Baghdad International Airport,Iraq,LTFM,Istanbul Airport,Turkey,ORBI (Baghdad International Airport) → LTFM (Istanbul Airport)
2025-04-09T04:30:52.013750,THY25,B77W,Turkish Airlines,TK,THY,32750,413,RCTP,Taipei Taoyuan International Airport,Taiwan,LTFM,Istanbul Airport,Turkey,RCTP (Taipei Taoyuan International Airport) → LTFM (Istanbul Airport)
2025-04-09T04:30:52.013750,THY69,A333,Turkish Airlines,TK,THY,34200,429,VTBS,Bangkok Suvarnabhumi Airport,Thailand,LTFM,Istanbul Airport,Turkey,VTBS (Bangkok Suvarnabhumi Airport) → LTFM (Istanbul Airport)
2025-04-09T04:30:52.013750,SXS5E,B738,SunExpress,XQ,SXS,38000,408,LTCG,Trabzon Airport,Turkey,EDDL,Dusseldorf International Airport,Germany,LTCG (Trabzon Airport) → EDDL (Dusseldorf International Airport)
2025-04-09T04:30:52.013750,THY323,A21N,Turkish Airlines,TK,THY,32725,392,UTAA,Ashgabat International Airport,Turkmenistan,LTFM,Istanbul Airport,Turkey,UTAA (Ashgabat International Airport) → LTFM (Istanbul Airport)
2025-04-09T04:30:52.013750,THY199,B77W,Turkish Airlines,TK,THY,36000,422,RJTT,Tokyo Haneda International Airport,Japan,LTFM,Istanbul Airport,Turkey,RJTT (Tokyo Haneda International Airport) → LTFM (Istanbul Airport)
2025-04-09T04:30:52.013750,THY165,A359,Turkish Airlines,TK,THY,38000,446,VVNB,Hanoi Noi Bai International Airport,Vietnam,LTFM,Istanbul Airport,Turkey,VVNB (Hanoi Noi Bai International Airport) → LTFM (Istanbul Airport)
2025-04-09T04:30:52.013750,THY067,A359,Turkish Airlines,TK,THY,40000,448,WADD,Denpasar Ngurah Rai International Airport,Indonesia,LTFM,Istanbul Airport,Turkey,WADD (Denpasar Ngurah Rai International Airport) → LTFM (Istanbul Airport)
2025-04-09T04:30:52.013750,SXS9R,B738,SunExpress,XQ,SXS,38000,424,LTDB,Mersin Cukurova International Airport,Turkey,EDDL,Dusseldorf International Airport,Germany,LTDB (Mersin Cukurova International Airport) → EDDL (Dusseldorf International Airport)
2025-04-09T04:30:52.013750,KLM810,B789,KLM,KL,KLM,39975,455,WMKK,Kuala Lumpur International Airport,Malaysia,EHAM,Amsterdam Schiphol Airport,Netherlands,WMKK (Kuala Lumpur International Airport) → EHAM (Amsterdam Schiphol Airport)
2025-04-09T04:30:52.013750,THY8BV,B39M,Turkish Airlines,TK,THY,30000,388,LTFH,Samsun Carsamba Airport,Turkey,LTFM,Istanbul Airport,Turkey,LTFH (Samsun Carsamba Airport) → LTFM (Istanbul Airport)
2025-04-09T04:30:52.013750,FDB6PS,B38M,flydubai,FZ,FDB,39000,484,LBSF,Sofia Airport,Bulgaria,OMDB,Dubai International Airport,United Arab Emirates,LBSF (Sofia Airport) → OMDB (Dubai International Airport)
2025-04-09T04:30:52.013750,THY347,A21N,Turkish Airlines,TK,THY,34025,406,UCFM,Bishkek Manas International Airport,Kyrgyzstan,LTFM,Istanbul Airport,Turkey,UCFM (Bishkek Manas International Airport) → LTFM (Istanbul Airport)
2025-04-09T04:30:52.013750,SWR243,B77W,Swiss,LX,SWR,36000,442,OMDB,Dubai International Airport,United Arab Emirates,LSZH,Zurich Airport,Switzerland,OMDB (Dubai International Airport) → LSZH (Zurich Airport)
2025-04-09T04:30:52.013750,BAW2230,B772,British Airways,BA,BAW,36000,432,VTBS,Bangkok Suvarnabhumi Airport,Thailand,EGKK,London Gatwick Airport,United Kingdom,VTBS (Bangkok Suvarnabhumi Airport) → EGKK (London Gatwick Airport)
2025-04-09T04:30:52.013750,ETD945,B77L,Etihad Airways,EY,ETD,32000,453,OMAA,Abu Dhabi Zayed International Airport,United Arab Emirates,EDDF,Frankfurt Airport,Germany,OMAA (Abu Dhabi Zayed International Airport) → EDDF (Frankfurt Airport)
2025-04-09T04:30:52.013750,SIA322,A388,Singapore Airlines,SQ,SIA,40000,452,WSSS,Singapore Changi Airport,Singapore,EGLL,London Heathrow Airport,United Kingdom,WSSS (Singapore Changi Airport) → EGLL (London Heathrow Airport)
2025-04-09T04:30:52.013750,BAW106,B772,British Airways,BA,BAW,38000,444,OMDB,Dubai International Airport,United Arab Emirates,EGLL,London Heathrow Airport,United Kingdom,OMDB (Dubai International Airport) → EGLL (London Heathrow Airport)
2025-04-09T04:30:52.013750,SWR155,A343,Swiss,LX,SWR,36000,430,VABB,Mumbai Chhatrapati Shivaji International Airport,India,LSZH,Zurich Airport,Switzerland,VABB (Mumbai Chhatrapati Shivaji International Airport) → LSZH (Zurich Airport)
2025-04-09T04:30:52.013750,HVN37,B789,Vietnam Airlines,VN,HVN,38000,448,VVNB,Hanoi Noi Bai International Airport,Vietnam,EDDF,Frankfurt Airport,Germany,VVNB (Hanoi Noi Bai International Airport) → EDDF (Frankfurt Airport)
2025-04-09T04:30:52.013750,TKJ186,B38M,AJet,VF,TKJ,38000,382,OIIE,Tehran Imam Khomeini International Airport,Iran,LTFJ,Istanbul Sabiha Gokcen International Airport,Turkey,OIIE (Tehran Imam Khomeini International Airport) → LTFJ (Istanbul Sabiha Gokcen International Airport)
2025-04-09T04:30:52.013750,THY89,B77W,Turkish Airlines,TK,THY,36000,390,ZBAA,Beijing Capital International Airport,China,LTFM,Istanbul Airport,Turkey,ZBAA (Beijing Capital International Airport) → LTFM (Istanbul Airport)
2025-04-09T04:30:52.013750,CLX7092,B744,Cargolux,CV,CLX,40000,442,OBBI,Bahrain International Airport,Bahrain,ELLX,Luxembourg Findel Airport,Luxembourg,OBBI (Bahrain International Airport) → ELLX (Luxembourg Findel Airport)
2025-04-09T04:30:52.013750,THY71,B77W,Turkish Airlines,TK,THY,34000,404,VHHH,Hong Kong International Airport,Hong Kong,LTFM,Istanbul Airport,Turkey,VHHH (Hong Kong International Airport) → LTFM (Istanbul Airport)
2025-04-09T04:30:52.013750,SWR147,A333,Swiss,LX,SWR,38000,398,VIDP,Delhi Indira Gandhi International Airport,India,LSZH,Zurich Airport,Switzerland,VIDP (Delhi Indira Gandhi International Airport) → LSZH (Zurich Airport)
2025-04-09T04:30:52.013750,EWG9V,A20N,Eurowings,EW,EWG,37975,384,OMDW,Dubai World Central International Airport,United Arab Emirates,EDDS,Stuttgart Airport,Germany,OMDW (Dubai World Central International Airport) → EDDS (Stuttgart Airport)
2025-04-09T04:30:52.013750,THY55,B789,Turkish Airlines,TK,THY,37975,422,WSSS,Singapore Changi Airport,Singapore,LTFM,Istanbul Airport,Turkey,WSSS (Singapore Changi Airport) → LTFM (Istanbul Airport)
2025-04-09T04:30:52.013750,MAS2,A359,Malaysia Airlines,MH,MAS,40000,427,WMKK,Kuala Lumpur International Airport,Malaysia,EGLL,London Heathrow Airport,United Kingdom,WMKK (Kuala Lumpur International Airport) → EGLL (London Heathrow Airport)
2025-04-09T04:30:52.013750,QTR54K,A359,Qatar Airways,QR,QTR,40000,426,OTHH,Doha Hamad International Airport,Qatar,EGPH,Edinburgh Airport,United Kingdom,OTHH (Doha Hamad International Airport) → EGPH (Edinburgh Airport)
2025-04-09T04:30:52.013750,THY85,B77W,Turkish Airlines,TK,THY,36000,404,RPLL,Manila Ninoy Aquino International Airport,Philippines,LTFM,Istanbul Airport,Turkey,RPLL (Manila Ninoy Aquino International Airport) → LTFM (Istanbul Airport)
2025-04-09T04:30:52.013750,DLH769,A359,Lufthansa,LH,DLH,40000,520,WSSS,Singapore Changi Airport,Singapore,EDDM,Munich Airport,Germany,WSSS (Singapore Changi Airport) → EDDM (Munich Airport)
2025-04-09T04:30:52.013750,LOT4MG,B738,LOT,LO,LOT,38000,380,UGTB,Tbilisi International Airport,Georgia,EPWA,Warsaw Chopin Airport,Poland,UGTB (Tbilisi International Airport) → EPWA (Warsaw Chopin Airport)
2025-04-09T04:30:52.013750,MAS22,A359,Malaysia Airlines,MH,MAS,40000,424,WMKK,Kuala Lumpur International Airport,Malaysia,LFPG,Paris Charles de Gaulle Airport,France,WMKK (Kuala Lumpur International Airport) → LFPG (Paris Charles de Gaulle Airport)
2025-04-09T04:30:52.013750,AUA26,B772,Austrian Airlines,OS,AUA,38000,438,VTBS,Bangkok Suvarnabhumi Airport,Thailand,LOWW,Vienna International Airport,Austria,VTBS (Bangkok Suvarnabhumi Airport) → LOWW (Vienna International Airport)
2025-04-09T04:30:52.013750,AUA872,A320,Austrian Airlines,OS,AUA,36000,384,OIIE,Tehran Imam Khomeini International Airport,Iran,LOWW,Vienna International Airport,Austria,OIIE (Tehran Imam Khomeini International Airport) → LOWW (Vienna International Airport)
2025-04-09T04:30:52.013750,DLH781,B744,Lufthansa,LH,DLH,38000,397,WSSS,Singapore Changi Airport,Singapore,EDDF,Frankfurt Airport,Germany,WSSS (Singapore Changi Airport) → EDDF (Frankfurt Airport)
2025-04-09T04:30:52.013750,QTR88L,B789,Qatar Airways,QR,QTR,37975,425,OTHH,Doha Hamad International Airport,Qatar,EGCC,Manchester Airport,United Kingdom,OTHH (Doha Hamad International Airport) → EGCC (Manchester Airport)
2025-04-09T04:30:52.013750,THA900,A359,Thai Airways,TG,THA,40000,930,VTBS,Bangkok Suvarnabhumi Airport,Thailand,LTFM,Istanbul Airport,Turkey,VTBS (Bangkok Suvarnabhumi Airport) → LTFM (Istanbul Airport)
2025-04-09T04:30:52.013750,BAW32,A35K,British Airways,BA,BAW,40000,422,VHHH,Hong Kong International Airport,Hong Kong,EGLL,London Heathrow Airport,United Kingdom,VHHH (Hong Kong International Airport) → EGLL (London Heathrow Airport)
2025-04-09T04:30:52.013750,QTR37U,B789,Qatar Airways,QR,QTR,36000,426,OTHH,Doha Hamad International Airport,Qatar,EIDW,Dublin Airport,Ireland,OTHH (Doha Hamad International Airport) → EIDW (Dublin Airport)
2025-04-09T04:30:52.013750,SWR177,B77W,Swiss,LX,SWR,34000,414,WSSS,Singapore Changi Airport,Singapore,LSZH,Zurich Airport,Switzerland,WSSS (Singapore Changi Airport) → LSZH (Zurich Airport)
2025-04-09T04:30:52.013750,CPA251,B77W,Cathay Pacific,CX,CPA,34000,412,VHHH,Hong Kong International Airport,Hong Kong,EGLL,London Heathrow Airport,United Kingdom,VHHH (Hong Kong International Airport) → EGLL (London Heathrow Airport)
2025-04-09T04:30:52.013750,SWR139,B77W,Swiss,LX,SWR,32000,424,VHHH,Hong Kong International Airport,Hong Kong,LSZH,Zurich Airport,Switzerland,VHHH (Hong Kong International Airport) → LSZH (Zurich Airport)
2025-04-09T04:30:52.013750,LOT126,B38M,LOT,LO,LOT,40000,394,OERK,Riyadh King Khalid International Airport,Saudi Arabia,EPWA,Warsaw Chopin Airport,Poland,OERK (Riyadh King Khalid International Airport) → EPWA (Warsaw Chopin Airport)
2025-04-09T04:30:52.013750,HVN19,A359,Vietnam Airlines,VN,HVN,40000,424,VVNB,Hanoi Noi Bai International Airport,Vietnam,LFPG,Paris Charles de Gaulle Airport,France,VVNB (Hanoi Noi Bai International Airport) → LFPG (Paris Charles de Gaulle Airport)
2025-04-09T04:30:52.013750,THY27,B77W,Turkish Airlines,TK,THY,34000,400,ZSPD,Shanghai Pudong International Airport,China,LTFM,Istanbul Airport,Turkey,ZSPD (Shanghai Pudong International Airport) → LTFM (Istanbul Airport)
2025-04-09T04:30:52.013750,ITY857,A21N,ITA Airways,AZ,ITY,33975,489,OMDB,Dubai International Airport,United Arab Emirates,LIRF,Rome Leonardo da Vinci Fiumicino Airport,Italy,OMDB (Dubai International Airport) → LIRF (Rome Leonardo da Vinci Fiumicino Airport)
2025-04-09T04:30:52.013750,CPA254,B77W,Cathay Pacific,CX,CPA,33000,522,EGLL,London Heathrow Airport,United Kingdom,VHHH,Hong Kong International Airport,Hong Kong,EGLL (London Heathrow Airport) → VHHH (Hong Kong International Airport)
2025-04-09T04:30:52.013750,THY87,B77W,Turkish Airlines,TK,THY,36000,402,RJBB,Osaka Kansai International Airport,Japan,LTFM,Istanbul Airport,Turkey,RJBB (Osaka Kansai International Airport) → LTFM (Istanbul Airport)
2025-04-09T04:30:52.013750,SIA378,A359,Singapore Airlines,SQ,SIA,40000,435,WSSS,Singapore Changi Airport,Singapore,LIMC,Milan Malpensa Airport,Italy,WSSS (Singapore Changi Airport) → LIMC (Milan Malpensa Airport)
2025-04-09T04:30:52.013750,THY73,B77W,Turkish Airlines,TK,THY,34000,398,ZGGG,Guangzhou Baiyun International Airport,China,LTFM,Istanbul Airport,Turkey,ZGGG (Guangzhou Baiyun International Airport) → LTFM (Istanbul Airport)
2025-04-09T04:30:52.013750,THY5NP,B738,Turkish Airlines,TK,THY,34000,362,LTFO,Rize Artvin Airport,Turkey,LTFM,Istanbul Airport,Turkey,LTFO (Rize Artvin Airport) → LTFM (Istanbul Airport)
2025-04-09T04:30:52.013750,BAW126,B772,British Airways,BA,BAW,38000,418,OTHH,Doha Hamad International Airport,Qatar,EGLL,London Heathrow Airport,United Kingdom,OTHH (Doha Hamad International Airport) → EGLL (London Heathrow Airport)
2025-04-09T04:30:52.013750,LOT80,B789,LOT,LO,LOT,39975,422,RJAA,Tokyo Narita International Airport,Japan,EPWA,Warsaw Chopin Airport,Poland,RJAA (Tokyo Narita International Airport) → EPWA (Warsaw Chopin Airport)
2025-04-09T04:34:05.964168,THY5UJ,B38M,Turkish Airlines,TK,THY,19050,326,LTAC,Ankara Esenboga International Airport,Turkey,LTFM,Istanbul Airport,Turkey,LTAC (Ankara Esenboga International Airport) → LTFM (Istanbul Airport)
2025-04-09T04:34:05.964168,THY25,B77W,Turkish Airlines,TK,THY,29700,382,RCTP,Taipei Taoyuan International Airport,Taiwan,LTFM,Istanbul Airport,Turkey,RCTP (Taipei Taoyuan International Airport) → LTFM (Istanbul Airport)
2025-04-09T04:34:05.964168,THY69,A333,Turkish Airlines,TK,THY,29000,378,VTBS,Bangkok Suvarnabhumi Airport,Thailand,LTFM,Istanbul Airport,Turkey,VTBS (Bangkok Suvarnabhumi Airport) → LTFM (Istanbul Airport)
2025-04-09T04:34:05.964168,SXS5E,B738,SunExpress,XQ,SXS,38000,414,LTCG,Trabzon Airport,Turkey,EDDL,Dusseldorf International Airport,Germany,LTCG (Trabzon Airport) → EDDL (Dusseldorf International Airport)
2025-04-09T04:34:05.964168,THY323,A21N,Turkish Airlines,TK,THY,30075,364,UTAA,Ashgabat International Airport,Turkmenistan,LTFM,Istanbul Airport,Turkey,UTAA (Ashgabat International Airport) → LTFM (Istanbul Airport)
2025-04-09T04:34:05.964168,THY199,B77W,Turkish Airlines,TK,THY,33625,409,RJTT,Tokyo Haneda International Airport,Japan,LTFM,Istanbul Airport,Turkey,RJTT (Tokyo Haneda International Airport) → LTFM (Istanbul Airport)
2025-04-09T04:34:05.964168,THY165,A359,Turkish Airlines,TK,THY,36000,439,VVNB,Hanoi Noi Bai International Airport,Vietnam,LTFM,Istanbul Airport,Turkey,VVNB (Hanoi Noi Bai International Airport) → LTFM (Istanbul Airport)
2025-04-09T04:34:05.964168,THY067,A359,Turkish Airlines,TK,THY,40000,423,WADD,Denpasar Ngurah Rai International Airport,Indonesia,LTFM,Istanbul Airport,Turkey,WADD (Denpasar Ngurah Rai International Airport) → LTFM (Istanbul Airport)
2025-04-09T04:34:05.964168,KLM810,B789,KLM,KL,KLM,40000,458,WMKK,Kuala Lumpur International Airport,Malaysia,EHAM,Amsterdam Schiphol Airport,Netherlands,WMKK (Kuala Lumpur International Airport) → EHAM (Amsterdam Schiphol Airport)
2025-04-09T04:34:05.964168,SXS9R,B738,SunExpress,XQ,SXS,38000,429,LTDB,Mersin Cukurova International Airport,Turkey,EDDL,Dusseldorf International Airport,Germany,LTDB (Mersin Cukurova International Airport) → EDDL (Dusseldorf International Airport)
2025-04-09T04:34:05.964168,THY8BV,B39M,Turkish Airlines,TK,THY,30000,388,LTFH,Samsun Carsamba Airport,Turkey,LTFM,Istanbul Airport,Turkey,LTFH (Samsun Carsamba Airport) → LTFM (Istanbul Airport)
2025-04-09T04:34:05.964168,THY347,A21N,Turkish Airlines,TK,THY,34000,400,UCFM,Bishkek Manas International Airport,Kyrgyzstan,LTFM,Istanbul Airport,Turkey,UCFM (Bishkek Manas International Airport) → LTFM (Istanbul Airport)
2025-04-09T04:34:05.964168,SWR243,B77W,Swiss,LX,SWR,36000,440,OMDB,Dubai International Airport,United Arab Emirates,LSZH,Zurich Airport,Switzerland,OMDB (Dubai International Airport) → LSZH (Zurich Airport)
2025-04-09T04:34:05.964168,BAW2230,B772,British Airways,BA,BAW,36000,436,VTBS,Bangkok Suvarnabhumi Airport,Thailand,EGKK,London Gatwick Airport,United Kingdom,VTBS (Bangkok Suvarnabhumi Airport) → EGKK (London Gatwick Airport)
2025-04-09T04:34:05.964168,SIA322,A388,Singapore Airlines,SQ,SIA,40000,457,WSSS,Singapore Changi Airport,Singapore,EGLL,London Heathrow Airport,United Kingdom,WSSS (Singapore Changi Airport) → EGLL (London Heathrow Airport)
2025-04-09T04:34:05.964168,ETD945,B77L,Etihad Airways,EY,ETD,32000,451,OMAA,Abu Dhabi Zayed International Airport,United Arab Emirates,EDDF,Frankfurt Airport,Germany,OMAA (Abu Dhabi Zayed International Airport) → EDDF (Frankfurt Airport)
2025-04-09T04:34:05.964168,BAW106,B772,British Airways,BA,BAW,38000,446,OMDB,Dubai International Airport,United Arab Emirates,EGLL,London Heathrow Airport,United Kingdom,OMDB (Dubai International Airport) → EGLL (London Heathrow Airport)
2025-04-09T04:34:05.964168,SWR155,A343,Swiss,LX,SWR,36000,434,VABB,Mumbai Chhatrapati Shivaji International Airport,India,LSZH,Zurich Airport,Switzerland,VABB (Mumbai Chhatrapati Shivaji International Airport) → LSZH (Zurich Airport)
2025-04-09T04:34:05.964168,FDB6PS,B38M,flydubai,FZ,FDB,39000,490,LBSF,Sofia Airport,Bulgaria,OMDB,Dubai International Airport,United Arab Emirates,LBSF (Sofia Airport) → OMDB (Dubai International Airport)
2025-04-09T04:34:05.964168,THY89,B77W,Turkish Airlines,TK,THY,35000,436,ZBAA,Beijing Capital International Airport,China,LTFM,Istanbul Airport,Turkey,ZBAA (Beijing Capital International Airport) → LTFM (Istanbul Airport)
2025-04-09T04:34:05.964168,HVN37,B789,Vietnam Airlines,VN,HVN,37975,452,VVNB,Hanoi Noi Bai International Airport,Vietnam,EDDF,Frankfurt Airport,Germany,VVNB (Hanoi Noi Bai International Airport) → EDDF (Frankfurt Airport)
2025-04-09T04:34:05.964168,EWG9V,A20N,Eurowings,EW,EWG,37975,408,OMDW,Dubai World Central International Airport,United Arab Emirates,EDDS,Stuttgart Airport,Germany,OMDW (Dubai World Central International Airport) → EDDS (Stuttgart Airport)
2025-04-09T04:34:05.964168,TKJ186,B38M,AJet,VF,TKJ,36000,382,OIIE,Tehran Imam Khomeini International Airport,Iran,LTFJ,Istanbul Sabiha Gokcen International Airport,Turkey,OIIE (Tehran Imam Khomeini International Airport) → LTFJ (Istanbul Sabiha Gokcen International Airport)
2025-04-09T04:34:05.964168,THY151,A21N,Turkish Airlines,TK,THY,34000,398,OEDF,Dammam King Fahd International Airport,Saudi Arabia,LTFM,Istanbul Airport,Turkey,OEDF (Dammam King Fahd International Airport) → LTFM (Istanbul Airport)
2025-04-09T04:34:05.964168,CLX7092,B744,Cargolux,CV,CLX,40000,442,OBBI,Bahrain International Airport,Bahrain,ELLX,Luxembourg Findel Airport,Luxembourg,OBBI (Bahrain International Airport) → ELLX (Luxembourg Findel Airport)
2025-04-09T04:34:05.964168,THY71,B77W,Turkish Airlines,TK,THY,34000,404,VHHH,Hong Kong International Airport,Hong Kong,LTFM,Istanbul Airport,Turkey,VHHH (Hong Kong International Airport) → LTFM (Istanbul Airport)
2025-04-09T04:34:05.964168,SWR147,A333,Swiss,LX,SWR,38000,398,VIDP,Delhi Indira Gandhi International Airport,India,LSZH,Zurich Airport,Switzerland,VIDP (Delhi Indira Gandhi International Airport) → LSZH (Zurich Airport)
2025-04-09T04:34:05.964168,THY55,B789,Turkish Airlines,TK,THY,37975,426,WSSS,Singapore Changi Airport,Singapore,LTFM,Istanbul Airport,Turkey,WSSS (Singapore Changi Airport) → LTFM (Istanbul Airport)
2025-04-09T04:34:05.964168,MAS2,A359,Malaysia Airlines,MH,MAS,40000,427,WMKK,Kuala Lumpur International Airport,Malaysia,EGLL,London Heathrow Airport,United Kingdom,WMKK (Kuala Lumpur International Airport) → EGLL (London Heathrow Airport)
2025-04-09T04:34:05.964168,DLH769,A359,Lufthansa,LH,DLH,40000,520,WSSS,Singapore Changi Airport,Singapore,EDDM,Munich Airport,Germany,WSSS (Singapore Changi Airport) → EDDM (Munich Airport)
2025-04-09T04:34:05.964168,QTR54K,A359,Qatar Airways,QR,QTR,40000,426,OTHH,Doha Hamad International Airport,Qatar,EGPH,Edinburgh Airport,United Kingdom,OTHH (Doha Hamad International Airport) → EGPH (Edinburgh Airport)
2025-04-09T04:34:05.964168,THY85,B77W,Turkish Airlines,TK,THY,36000,404,RPLL,Manila Ninoy Aquino International Airport,Philippines,LTFM,Istanbul Airport,Turkey,RPLL (Manila Ninoy Aquino International Airport) → LTFM (Istanbul Airport)
2025-04-09T04:34:05.964168,LOT4MG,B738,LOT,LO,LOT,38000,380,UGTB,Tbilisi International Airport,Georgia,EPWA,Warsaw Chopin Airport,Poland,UGTB (Tbilisi International Airport) → EPWA (Warsaw Chopin Airport)
2025-04-09T04:34:05.964168,MAS22,A359,Malaysia Airlines,MH,MAS,40000,424,WMKK,Kuala Lumpur International Airport,Malaysia,LFPG,Paris Charles de Gaulle Airport,France,WMKK (Kuala Lumpur International Airport) → LFPG (Paris Charles de Gaulle Airport)
2025-04-09T04:34:05.964168,AUA26,B772,Austrian Airlines,OS,AUA,38000,438,VTBS,Bangkok Suvarnabhumi Airport,Thailand,LOWW,Vienna International Airport,Austria,VTBS (Bangkok Suvarnabhumi Airport) → LOWW (Vienna International Airport)
2025-04-09T04:34:05.964168,AUA872,A320,Austrian Airlines,OS,AUA,36000,384,OIIE,Tehran Imam Khomeini International Airport,Iran,LOWW,Vienna International Airport,Austria,OIIE (Tehran Imam Khomeini International Airport) → LOWW (Vienna International Airport)
2025-04-09T04:34:05.964168,THA900,A359,Thai Airways,TG,THA,40000,930,VTBS,Bangkok Suvarnabhumi Airport,Thailand,LTFM,Istanbul Airport,Turkey,VTBS (Bangkok Suvarnabhumi Airport) → LTFM (Istanbul Airport)
2025-04-09T04:34:05.964168,DLH781,B744,Lufthansa,LH,DLH,38000,397,WSSS,Singapore Changi Airport,Singapore,EDDF,Frankfurt Airport,Germany,WSSS (Singapore Changi Airport) → EDDF (Frankfurt Airport)
2025-04-09T04:34:05.964168,QTR88L,B789,Qatar Airways,QR,QTR,37975,425,OTHH,Doha Hamad International Airport,Qatar,EGCC,Manchester Airport,United Kingdom,OTHH (Doha Hamad International Airport) → EGCC (Manchester Airport)
2025-04-09T04:34:05.964168,BAW32,A35K,British Airways,BA,BAW,40000,422,VHHH,Hong Kong International Airport,Hong Kong,EGLL,London Heathrow Airport,United Kingdom,VHHH (Hong Kong International Airport) → EGLL (London Heathrow Airport)
2025-04-09T04:34:05.964168,SWR177,B77W,Swiss,LX,SWR,34000,414,WSSS,Singapore Changi Airport,Singapore,LSZH,Zurich Airport,Switzerland,WSSS (Singapore Changi Airport) → LSZH (Zurich Airport)
2025-04-09T04:34:05.964168,QTR37U,B789,Qatar Airways,QR,QTR,36000,428,OTHH,Doha Hamad International Airport,Qatar,EIDW,Dublin Airport,Ireland,OTHH (Doha Hamad International Airport) → EIDW (Dublin Airport)
2025-04-09T04:34:05.964168,CPA251,B77W,Cathay Pacific,CX,CPA,34000,412,VHHH,Hong Kong International Airport,Hong Kong,EGLL,London Heathrow Airport,United Kingdom,VHHH (Hong Kong International Airport) → EGLL (London Heathrow Airport)
2025-04-09T04:34:05.964168,SWR139,B77W,Swiss,LX,SWR,32000,424,VHHH,Hong Kong International Airport,Hong Kong,LSZH,Zurich Airport,Switzerland,VHHH (Hong Kong International Airport) → LSZH (Zurich Airport)
2025-04-09T04:34:05.964168,HVN19,A359,Vietnam Airlines,VN,HVN,40000,424,VVNB,Hanoi Noi Bai International Airport,Vietnam,LFPG,Paris Charles de Gaulle Airport,France,VVNB (Hanoi Noi Bai International Airport) → LFPG (Paris Charles de Gaulle Airport)
2025-04-09T04:34:05.964168,THY27,B77W,Turkish Airlines,TK,THY,34000,400,ZSPD,Shanghai Pudong International Airport,China,LTFM,Istanbul Airport,Turkey,ZSPD (Shanghai Pudong International Airport) → LTFM (Istanbul Airport)
2025-04-09T04:34:05.964168,LOT126,B38M,LOT,LO,LOT,40000,394,OERK,Riyadh King Khalid International Airport,Saudi Arabia,EPWA,Warsaw Chopin Airport,Poland,OERK (Riyadh King Khalid International Airport) → EPWA (Warsaw Chopin Airport)
2025-04-09T04:34:05.964168,ITY857,A21N,ITA Airways,AZ,ITY,33975,489,OMDB,Dubai International Airport,United Arab Emirates,LIRF,Rome Leonardo da Vinci Fiumicino Airport,Italy,OMDB (Dubai International Airport) → LIRF (Rome Leonardo da Vinci Fiumicino Airport)
2025-04-09T04:34:05.964168,SIA378,A359,Singapore Airlines,SQ,SIA,40000,435,WSSS,Singapore Changi Airport,Singapore,LIMC,Milan Malpensa Airport,Italy,WSSS (Singapore Changi Airport) → LIMC (Milan Malpensa Airport)
2025-04-09T04:34:05.964168,THY73,B77W,Turkish Airlines,TK,THY,34000,397,ZGGG,Guangzhou Baiyun International Airport,China,LTFM,Istanbul Airport,Turkey,ZGGG (Guangzhou Baiyun International Airport) → LTFM (Istanbul Airport)
2025-04-09T04:34:05.964168,THY87,B77W,Turkish Airlines,TK,THY,36000,402,RJBB,Osaka Kansai International Airport,Japan,LTFM,Istanbul Airport,Turkey,RJBB (Osaka Kansai International Airport) → LTFM (Istanbul Airport)
2025-04-09T04:34:05.964168,BAW126,B772,British Airways,BA,BAW,38000,420,OTHH,Doha Hamad International Airport,Qatar,EGLL,London Heathrow Airport,United Kingdom,OTHH (Doha Hamad International Airport) → EGLL (London Heathrow Airport)
2025-04-09T04:34:05.964168,THY5NP,B738,Turkish Airlines,TK,THY,34000,362,LTFO,Rize Artvin Airport,Turkey,LTFM,Istanbul Airport,Turkey,LTFO (Rize Artvin Airport) → LTFM (Istanbul Airport)
2025-04-09T04:34:05.964168,SXS6GA,B738,SunExpress,XQ,SXS,23800,365,LTCB,Ordu Giresun Airport,Turkey,EDDL,Dusseldorf International Airport,Germany,LTCB (Ordu Giresun Airport) → EDDL (Dusseldorf International Airport)
2025-04-09T04:34:05.964168,LOT80,B789,LOT,LO,LOT,40000,420,RJAA,Tokyo Narita International Airport,Japan,EPWA,Warsaw Chopin Airport,Poland,RJAA (Tokyo Narita International Airport) → EPWA (Warsaw Chopin Airport)
2025-04-09T04:34:05.964168,CPA254,B77W,Cathay Pacific,CX,CPA,33000,522,EGLL,London Heathrow Airport,United Kingdom,VHHH,Hong Kong International Airport,Hong Kong,EGLL (London Heathrow Airport) → VHHH (Hong Kong International Airport)
2025-04-09T04:34:05.964168,QTR99H,A388,Qatar Airways,QR,QTR,38000,415,OTHH,Doha Hamad International Airport,Qatar,EGLL,London Heathrow Airport,United Kingdom,OTHH (Doha Hamad International Airport) → EGLL (London Heathrow Airport)
2025-04-09T04:34:05.964168,HVN11,A359,Vietnam Airlines,VN,HVN,40000,431,VVTS,Ho Chi Minh City International Airport,Vietnam,LFPG,Paris Charles de Gaulle Airport,France,VVTS (Ho Chi Minh City International Airport) → LFPG (Paris Charles de Gaulle Airport)
2025-04-09T04:34:05.964168,THY371,A333,Turkish Airlines,TK,THY,38000,407,UTTT,Tashkent International Airport,Uzbekistan,LTFM,Istanbul Airport,Turkey,UTTT (Tashkent International Airport) → LTFM (Istanbul Airport)
2025-04-09T04:49:30.268415,THY89,B77W,Turkish Airlines,TK,THY,22075,338,ZBAA,Beijing Capital International Airport,China,LTFM,Istanbul Airport,Turkey,ZBAA (Beijing Capital International Airport) → LTFM (Istanbul Airport)
2025-04-09T04:49:30.268415,SEU5392,B737,SkyUp Airlines,PQ,SQP,39000,470,EYVI,Vilnius International Airport,Lithuania,OBBI,Bahrain International Airport,Bahrain,EYVI (Vilnius International Airport) → OBBI (Bahrain International Airport)
2025-04-09T04:49:30.268415,EWG9V,A20N,Eurowings,EW,EWG,38000,422,OMDW,Dubai World Central International Airport,United Arab Emirates,EDDS,Stuttgart Airport,Germany,OMDW (Dubai World Central International Airport) → EDDS (Stuttgart Airport)
2025-04-09T04:49:30.268415,TKJ186,B38M,AJet,VF,TKJ,27825,360,OIIE,Tehran Imam Khomeini International Airport,Iran,LTFJ,Istanbul Sabiha Gokcen International Airport,Turkey,OIIE (Tehran Imam Khomeini International Airport) → LTFJ (Istanbul Sabiha Gokcen International Airport)
2025-04-09T04:49:30.268415,THY71,B77W,Turkish Airlines,TK,THY,30675,384,VHHH,Hong Kong International Airport,Hong Kong,LTFM,Istanbul Airport,Turkey,VHHH (Hong Kong International Airport) → LTFM (Istanbul Airport)
2025-04-09T04:49:30.268415,THY151,A21N,Turkish Airlines,TK,THY,31825,394,OEDF,Dammam King Fahd International Airport,Saudi Arabia,LTFM,Istanbul Airport,Turkey,OEDF (Dammam King Fahd International Airport) → LTFM (Istanbul Airport)
2025-04-09T04:49:30.268415,SWR147,A333,Swiss,LX,SWR,40000,436,VIDP,Delhi Indira Gandhi International Airport,India,LSZH,Zurich Airport,Switzerland,VIDP (Delhi Indira Gandhi International Airport) → LSZH (Zurich Airport)
2025-04-09T04:49:30.268415,CLX7092,B744,Cargolux,CV,CLX,40000,454,OBBI,Bahrain International Airport,Bahrain,ELLX,Luxembourg Findel Airport,Luxembourg,OBBI (Bahrain International Airport) → ELLX (Luxembourg Findel Airport)
2025-04-09T04:49:30.268415,THY6582,B77L,Turkish Airlines,TK,THY,33000,518,LTFM,Istanbul Airport,Turkey,OOMS,Muscat International Airport,Oman,LTFM (Istanbul Airport) → OOMS (Muscat International Airport)
2025-04-09T04:49:30.268415,LOT4MG,B738,LOT,LO,LOT,38000,408,UGTB,Tbilisi International Airport,Georgia,EPWA,Warsaw Chopin Airport,Poland,UGTB (Tbilisi International Airport) → EPWA (Warsaw Chopin Airport)
2025-04-09T04:49:30.268415,THY55,B789,Turkish Airlines,TK,THY,35700,446,WSSS,Singapore Changi Airport,Singapore,LTFM,Istanbul Airport,Turkey,WSSS (Singapore Changi Airport) → LTFM (Istanbul Airport)
2025-04-09T04:49:30.268415,QTR54K,A359,Qatar Airways,QR,QTR,40000,453,OTHH,Doha Hamad International Airport,Qatar,EGPH,Edinburgh Airport,United Kingdom,OTHH (Doha Hamad International Airport) → EGPH (Edinburgh Airport)
2025-04-09T04:49:30.268415,THY1XT,A320,Turkish Airlines,TK,THY,34000,413,LTCC,Diyarbakir Airport,Turkey,LTFM,Istanbul Airport,Turkey,LTCC (Diyarbakir Airport) → LTFM (Istanbul Airport)
2025-04-09T04:49:30.268415,PGT1687,A20N,Pegasus,PC,PGT,30400,408,LTAC,Ankara Esenboga International Airport,Turkey,EDDL,Dusseldorf International Airport,Germany,LTAC (Ankara Esenboga International Airport) → EDDL (Dusseldorf International Airport)
2025-04-09T04:49:30.268415,THY85,B77W,Turkish Airlines,TK,THY,35075,414,RPLL,Manila Ninoy Aquino International Airport,Philippines,LTFM,Istanbul Airport,Turkey,RPLL (Manila Ninoy Aquino International Airport) → LTFM (Istanbul Airport)
2025-04-09T04:49:30.268415,DLH769,A359,Lufthansa,LH,DLH,40000,457,WSSS,Singapore Changi Airport,Singapore,EDDM,Munich Airport,Germany,WSSS (Singapore Changi Airport) → EDDM (Munich Airport)
2025-04-09T04:49:30.268415,MAS2,A359,Malaysia Airlines,MH,MAS,40000,441,WMKK,Kuala Lumpur International Airport,Malaysia,EGLL,London Heathrow Airport,United Kingdom,WMKK (Kuala Lumpur International Airport) → EGLL (London Heathrow Airport)
2025-04-09T04:49:30.268415,AUA26,B772,Austrian Airlines,OS,AUA,38000,450,VTBS,Bangkok Suvarnabhumi Airport,Thailand,LOWW,Vienna International Airport,Austria,VTBS (Bangkok Suvarnabhumi Airport) → LOWW (Vienna International Airport)
2025-04-09T04:49:30.268415,SWR177,B77W,Swiss,LX,SWR,36000,434,WSSS,Singapore Changi Airport,Singapore,LSZH,Zurich Airport,Switzerland,WSSS (Singapore Changi Airport) → LSZH (Zurich Airport)
2025-04-09T04:49:30.268415,MAS22,A359,Malaysia Airlines,MH,MAS,40000,458,WMKK,Kuala Lumpur International Airport,Malaysia,LFPG,Paris Charles de Gaulle Airport,France,WMKK (Kuala Lumpur International Airport) → LFPG (Paris Charles de Gaulle Airport)
2025-04-09T04:49:30.268415,PGT5ZM,A20N,Pegasus,PC,PGT,38000,422,LTAU,Kayseri Erkilet International Airport,Turkey,EDDK,Cologne Bonn Airport,Germany,LTAU (Kayseri Erkilet International Airport) → EDDK (Cologne Bonn Airport)
2025-04-09T04:49:30.268415,DLH781,B744,Lufthansa,LH,DLH,38000,459,WSSS,Singapore Changi Airport,Singapore,EDDF,Frankfurt Airport,Germany,WSSS (Singapore Changi Airport) → EDDF (Frankfurt Airport)
2025-04-09T04:49:30.268415,AUA872,A320,Austrian Airlines,OS,AUA,36625,410,OIIE,Tehran Imam Khomeini International Airport,Iran,LOWW,Vienna International Airport,Austria,OIIE (Tehran Imam Khomeini International Airport) → LOWW (Vienna International Airport)
2025-04-09T04:49:30.268415,THY4FD,A21N,Turkish Airlines,TK,THY,32000,384,OKKK,Kuwait International Airport,Kuwait,LTFM,Istanbul Airport,Turkey,OKKK (Kuwait International Airport) → LTFM (Istanbul Airport)
2025-04-09T04:49:30.268415,GFA017,A21N,Gulf Air,GF,GFA,34000,420,OBBI,Bahrain International Airport,Bahrain,EDDF,Frankfurt Airport,Germany,OBBI (Bahrain International Airport) → EDDF (Frankfurt Airport)
2025-04-09T04:49:30.268415,QTR88L,B789,Qatar Airways,QR,QTR,37975,448,OTHH,Doha Hamad International Airport,Qatar,EGCC,Manchester Airport,United Kingdom,OTHH (Doha Hamad International Airport) → EGCC (Manchester Airport)
2025-04-09T04:49:30.268415,BAW32,A35K,British Airways,BA,BAW,40000,422,VHHH,Hong Kong International Airport,Hong Kong,EGLL,London Heathrow Airport,United Kingdom,VHHH (Hong Kong International Airport) → EGLL (London Heathrow Airport)
2025-04-09T04:49:30.268415,QTR37U,B789,Qatar Airways,QR,QTR,36000,428,OTHH,Doha Hamad International Airport,Qatar,EIDW,Dublin Airport,Ireland,OTHH (Doha Hamad International Airport) → EIDW (Dublin Airport)
2025-04-09T04:49:30.268415,LOT126,B38M,LOT,LO,LOT,40000,406,OERK,Riyadh King Khalid International Airport,Saudi Arabia,EPWA,Warsaw Chopin Airport,Poland,OERK (Riyadh King Khalid International Airport) → EPWA (Warsaw Chopin Airport)
2025-04-09T04:49:30.268415,THY27,B77W,Turkish Airlines,TK,THY,34000,410,ZSPD,Shanghai Pudong International Airport,China,LTFM,Istanbul Airport,Turkey,ZSPD (Shanghai Pudong International Airport) → LTFM (Istanbul Airport)
2025-04-09T04:49:30.268415,CPA251,B77W,Cathay Pacific,CX,CPA,34000,412,VHHH,Hong Kong International Airport,Hong Kong,EGLL,London Heathrow Airport,United Kingdom,VHHH (Hong Kong International Airport) → EGLL (London Heathrow Airport)
2025-04-09T04:49:30.268415,SWR139,B77W,Swiss,LX,SWR,32000,424,VHHH,Hong Kong International Airport,Hong Kong,LSZH,Zurich Airport,Switzerland,VHHH (Hong Kong International Airport) → LSZH (Zurich Airport)
2025-04-09T04:49:30.268415,ITY857,A21N,ITA Airways,AZ,ITY,33975,489,OMDB,Dubai International Airport,United Arab Emirates,LIRF,Rome Leonardo da Vinci Fiumicino Airport,Italy,OMDB (Dubai International Airport) → LIRF (Rome Leonardo da Vinci Fiumicino Airport)
2025-04-09T04:49:30.268415,HVN19,A359,Vietnam Airlines,VN,HVN,40000,424,VVNB,Hanoi Noi Bai International Airport,Vietnam,LFPG,Paris Charles de Gaulle Airport,France,VVNB (Hanoi Noi Bai International Airport) → LFPG (Paris Charles de Gaulle Airport)
2025-04-09T04:49:30.268415,SIA378,A359,Singapore Airlines,SQ,SIA,40000,435,WSSS,Singapore Changi Airport,Singapore,LIMC,Milan Malpensa Airport,Italy,WSSS (Singapore Changi Airport) → LIMC (Milan Malpensa Airport)
2025-04-09T04:49:30.268415,THY73,B77W,Turkish Airlines,TK,THY,34000,403,ZGGG,Guangzhou Baiyun International Airport,China,LTFM,Istanbul Airport,Turkey,ZGGG (Guangzhou Baiyun International Airport) → LTFM (Istanbul Airport)
2025-04-09T04:49:30.268415,BAW126,B772,British Airways,BA,BAW,38000,423,OTHH,Doha Hamad International Airport,Qatar,EGLL,London Heathrow Airport,United Kingdom,OTHH (Doha Hamad International Airport) → EGLL (London Heathrow Airport)
2025-04-09T04:49:30.268415,DLH727,A359,Lufthansa,LH,DLH,40000,840,ZSPD,Shanghai Pudong International Airport,China,EDDM,Munich Airport,Germany,ZSPD (Shanghai Pudong International Airport) → EDDM (Munich Airport)
2025-04-09T04:49:30.268415,QTR19U,B788,Qatar Airways,QR,QTR,40000,439,OTHH,Doha Hamad International Airport,Qatar,EGKK,London Gatwick Airport,United Kingdom,OTHH (Doha Hamad International Airport) → EGKK (London Gatwick Airport)
2025-04-09T04:49:30.268415,LOT80,B789,LOT,LO,LOT,40000,420,RJAA,Tokyo Narita International Airport,Japan,EPWA,Warsaw Chopin Airport,Poland,RJAA (Tokyo Narita International Airport) → EPWA (Warsaw Chopin Airport)
2025-04-09T04:49:30.268415,THY5NP,B738,Turkish Airlines,TK,THY,34000,362,LTFO,Rize Artvin Airport,Turkey,LTFM,Istanbul Airport,Turkey,LTFO (Rize Artvin Airport) → LTFM (Istanbul Airport)
2025-04-09T04:49:30.268415,THY87,B77W,Turkish Airlines,TK,THY,36000,402,RJBB,Osaka Kansai International Airport,Japan,LTFM,Istanbul Airport,Turkey,RJBB (Osaka Kansai International Airport) → LTFM (Istanbul Airport)
2025-04-09T04:49:30.268415,SXS6GA,B738,SunExpress,XQ,SXS,25750,365,LTCB,Ordu Giresun Airport,Turkey,EDDL,Dusseldorf International Airport,Germany,LTCB (Ordu Giresun Airport) → EDDL (Dusseldorf International Airport)
2025-04-09T04:49:30.268415,HVN11,A359,Vietnam Airlines,VN,HVN,40000,431,VVTS,Ho Chi Minh City International Airport,Vietnam,LFPG,Paris Charles de Gaulle Airport,France,VVTS (Ho Chi Minh City International Airport) → LFPG (Paris Charles de Gaulle Airport)
2025-04-09T04:49:30.268415,QTR99H,A388,Qatar Airways,QR,QTR,38000,415,OTHH,Doha Hamad International Airport,Qatar,EGLL,London Heathrow Airport,United Kingdom,OTHH (Doha Hamad International Airport) → EGLL (London Heathrow Airport)
2025-04-09T04:49:30.268415,THY371,A333,Turkish Airlines,TK,THY,38000,407,UTTT,Tashkent International Airport,Uzbekistan,LTFM,Istanbul Airport,Turkey,UTTT (Tashkent International Airport) → LTFM (Istanbul Airport)
2025-04-09T04:49:30.268415,ETD72E,B77W,Etihad Airways,EY,ETD,34000,443,OMAA,Abu Dhabi Zayed International Airport,United Arab Emirates,EIDW,Dublin Airport,Ireland,OMAA (Abu Dhabi Zayed International Airport) → EIDW (Dublin Airport)
2025-04-09T04:49:30.268415,CPA271,A35K,Cathay Pacific,CX,CPA,38000,427,VHHH,Hong Kong International Airport,Hong Kong,EHAM,Amsterdam Schiphol Airport,Netherlands,VHHH (Hong Kong International Airport) → EHAM (Amsterdam Schiphol Airport)
2025-04-09T04:49:30.268415,SXS2Y,B38M,SunExpress,XQ,SXS,20250,345,LTFH,Samsun Carsamba Airport,Turkey,EDDB,Berlin Brandenburg Airport,Germany,LTFH (Samsun Carsamba Airport) → EDDB (Berlin Brandenburg Airport)
2025-04-09T04:49:30.268415,UAE213,B77W,Emirates,EK,UAE,30000,442,OMDB,Dubai International Airport,United Arab Emirates,KMIA,Miami International Airport,United States,OMDB (Dubai International Airport) → KMIA (Miami International Airport)
2025-04-09T04:49:30.268415,BAW142,B788,British Airways,BA,BAW,39975,450,VIDP,Delhi Indira Gandhi International Airport,India,EGLL,London Heathrow Airport,United Kingdom,VIDP (Delhi Indira Gandhi International Airport) → EGLL (London Heathrow Airport)
2025-04-09T04:49:30.268415,AFR217,A359,Air France,AF,AFR,40000,432,VABB,Mumbai Chhatrapati Shivaji International Airport,India,LFPG,Paris Charles de Gaulle Airport,France,VABB (Mumbai Chhatrapati Shivaji International Airport) → LFPG (Paris Charles de Gaulle Airport)
2025-04-09T04:49:30.268415,ETD49D,B77W,Etihad Airways,EY,ETD,34000,426,OMAA,Abu Dhabi Zayed International Airport,United Arab Emirates,EGCC,Manchester Airport,United Kingdom,OMAA (Abu Dhabi Zayed International Airport) → EGCC (Manchester Airport)
2025-04-09T04:49:30.268415,DLH767,A359,Lufthansa,LH,DLH,40000,427,VABB,Mumbai Chhatrapati Shivaji International Airport,India,EDDM,Munich Airport,Germany,VABB (Mumbai Chhatrapati Shivaji International Airport) → EDDM (Munich Airport)
2025-04-09T04:49:30.268415,BAW12,A388,British Airways,BA,BAW,38000,423,WSSS,Singapore Changi Airport,Singapore,EGLL,London Heathrow Airport,United Kingdom,WSSS (Singapore Changi Airport) → EGLL (London Heathrow Airport)
2025-04-09T04:49:30.268415,DLH1561,A20N,Lufthansa,LH,DLH,38000,378,UDYZ,Yerevan Zvartnots International Airport,Armenia,EDDF,Frankfurt Airport,Germany,UDYZ (Yerevan Zvartnots International Airport) → EDDF (Frankfurt Airport)
2025-04-09T04:49:30.268415,WZZ21XY,A21N,Wizz Air,W6,WZZ,34025,388,UGKO,Kutaisi International Airport,Georgia,LHBP,Budapest Ferenc Liszt International Airport,Hungary,UGKO (Kutaisi International Airport) → LHBP (Budapest Ferenc Liszt International Airport)
2025-04-09T04:49:30.268415,QTR4U,B77W,Qatar Airways,QR,QTR,36000,436,OTHH,Doha Hamad International Airport,Qatar,LFPG,Paris Charles de Gaulle Airport,France,OTHH (Doha Hamad International Airport) → LFPG (Paris Charles de Gaulle Airport)
2025-04-09T04:49:30.268415,THA920,B77W,Thai Airways,TG,THA,34000,424,VTBS,Bangkok Suvarnabhumi Airport,Thailand,EDDF,Frankfurt Airport,Germany,VTBS (Bangkok Suvarnabhumi Airport) → EDDF (Frankfurt Airport)
2025-04-09T04:49:30.268415,GFA027,A21N,Gulf Air,GF,GFA,34025,395,OBBI,Bahrain International Airport,Bahrain,LIRF,Rome Leonardo da Vinci Fiumicino Airport,Italy,OBBI (Bahrain International Airport) → LIRF (Rome Leonardo da Vinci Fiumicino Airport)
2025-04-09T04:49:30.268415,CPA255,B77W,Cathay Pacific,CX,CPA,36000,406,VHHH,Hong Kong International Airport,Hong Kong,EGLL,London Heathrow Airport,United Kingdom,VHHH (Hong Kong International Airport) → EGLL (London Heathrow Airport)
2025-04-09T04:49:30.268415,TKJ2AJ,A320,Freebird Airlines,FH,FHY,34000,354,LTCG,Trabzon Airport,Turkey,LTFJ,Istanbul Sabiha Gokcen International Airport,Turkey,LTCG (Trabzon Airport) → LTFJ (Istanbul Sabiha Gokcen International Airport)
2025-04-09T04:49:30.268415,THA960,A359,Thai Airways,TG,THA,40000,426,VTBS,Bangkok Suvarnabhumi Airport,Thailand,ESSA,Stockholm Arlanda Airport,Sweden,VTBS (Bangkok Suvarnabhumi Airport) → ESSA (Stockholm Arlanda Airport)
2025-04-09T04:49:30.268415,ETD43E,B78X,Etihad Airways,EY,ETD,36000,421,OMAA,Abu Dhabi Zayed International Airport,United Arab Emirates,EDDM,Munich Airport,Germany,OMAA (Abu Dhabi Zayed International Airport) → EDDM (Munich Airport)
2025-04-09T04:49:30.268415,AAR795,B744,Asiana Airlines,OZ,AAR,34000,404,UAAA,Almaty International Airport,Kazakhstan,LOWW,Vienna International Airport,Austria,UAAA (Almaty International Airport) → LOWW (Vienna International Airport)
2025-04-09T04:49:30.268415,ETD4AJ,B789,Etihad Airways,EY,ETD,38000,414,OMAA,Abu Dhabi Zayed International Airport,United Arab Emirates,EDDF,Frankfurt Airport,Germany,OMAA (Abu Dhabi Zayed International Airport) → EDDF (Frankfurt Airport)
2025-04-09T04:49:30.268415,DLH797,A346,Lufthansa,LH,DLH,38000,230,VHHH,Hong Kong International Airport,Hong Kong,EDDF,Frankfurt Airport,Germany,VHHH (Hong Kong International Airport) → EDDF (Frankfurt Airport)
2025-04-09T04:49:30.268415,DLH763,A388,Lufthansa,LH,DLH,40000,436,VIDP,Delhi Indira Gandhi International Airport,India,EDDM,Munich Airport,Germany,VIDP (Delhi Indira Gandhi International Airport) → EDDM (Munich Airport)
2025-04-09T04:49:30.268415,AUA642,A320,Austrian Airlines,OS,AUA,36000,374,UDYZ,Yerevan Zvartnots International Airport,Armenia,LOWW,Vienna International Airport,Austria,UDYZ (Yerevan Zvartnots International Airport) → LOWW (Vienna International Airport)
2025-04-09T04:49:30.268415,SIA324,A359,Singapore Airlines,SQ,SIA,38000,426,WSSS,Singapore Changi Airport,Singapore,EHAM,Amsterdam Schiphol Airport,Netherlands,WSSS (Singapore Changi Airport) → EHAM (Amsterdam Schiphol Airport)
2025-04-09T06:56:53.289230,AFR191,A332,Air France,AF,AFR,38000,458,VOBL,Bengaluru Kempegowda International Airport,India,LFPG,Paris Charles de Gaulle Airport,France,VOBL (Bengaluru Kempegowda International Airport) → LFPG (Paris Charles de Gaulle Airport)
2025-04-09T06:56:53.289230,PGT7WM,B738,Pegasus,PC,PGT,25450,368,UDYZ,Yerevan Zvartnots International Airport,Armenia,LTFJ,Istanbul Sabiha Gokcen International Airport,Turkey,UDYZ (Yerevan Zvartnots International Airport) → LTFJ (Istanbul Sabiha Gokcen International Airport)
2025-04-09T06:56:53.289230,GEC8385,B77L,Lufthansa Cargo,,GEC,32000,640,RKSI,Seoul Incheon International Airport,South Korea,EDDF,Frankfurt Airport,Germany,RKSI (Seoul Incheon International Airport) → EDDF (Frankfurt Airport)
2025-04-09T06:56:53.289230,CPA233,B77W,Cathay Pacific,CX,CPA,36000,458,VHHH,Hong Kong International Airport,Hong Kong,LIMC,Milan Malpensa Airport,Italy,VHHH (Hong Kong International Airport) → LIMC (Milan Malpensa Airport)
2025-04-09T06:56:53.289230,PGT13LZ,A21N,Pegasus,PC,PGT,28425,479,LTFJ,Istanbul Sabiha Gokcen International Airport,Turkey,LTAT,Malatya Erhac Airport,Turkey,LTFJ (Istanbul Sabiha Gokcen International Airport) → LTAT (Malatya Erhac Airport)
2025-04-09T06:56:53.289230,THY1LR,A321,Turkish Airlines,TK,THY,35000,485,LTFM,Istanbul Airport,Turkey,LTAT,Malatya Erhac Airport,Turkey,LTFM (Istanbul Airport) → LTAT (Malatya Erhac Airport)
2025-04-09T06:56:53.289230,SIA306,B77W,Singapore Airlines,SQ,SIA,36000,450,WSSS,Singapore Changi Airport,Singapore,EGLL,London Heathrow Airport,United Kingdom,WSSS (Singapore Changi Airport) → EGLL (London Heathrow Airport)
2025-04-09T06:56:53.289230,THY90Q,A320,Turkish Airlines,TK,THY,37000,473,LTFM,Istanbul Airport,Turkey,LTAJ,Gaziantep Oguzeli Airport,Turkey,LTFM (Istanbul Airport) → LTAJ (Gaziantep Oguzeli Airport)
2025-04-09T06:56:53.289230,PGT8ND,A21N,Pegasus,PC,PGT,32000,476,LTFJ,Istanbul Sabiha Gokcen International Airport,Turkey,LTDB,Mersin Cukurova International Airport,Turkey,LTFJ (Istanbul Sabiha Gokcen International Airport) → LTDB (Mersin Cukurova International Airport)
2025-04-09T06:56:53.289230,UAE242,A388,Emirates,EK,UAE,39000,516,CYYZ,Toronto Pearson International Airport,Canada,OMDB,Dubai International Airport,United Arab Emirates,CYYZ (Toronto Pearson International Airport) → OMDB (Dubai International Airport)
2025-04-09T06:56:53.289230,DLH765,A359,Lufthansa,LH,DLH,40000,465,VOBL,Bengaluru Kempegowda International Airport,India,EDDM,Munich Airport,Germany,VOBL (Bengaluru Kempegowda International Airport) → EDDM (Munich Airport)
2025-04-09T06:56:53.289230,THY4RW,A320,Turkish Airlines,TK,THY,35000,496,LTFM,Istanbul Airport,Turkey,LTCT,Igdir Airport,Turkey,LTFM (Istanbul Airport) → LTCT (Igdir Airport)
2025-04-09T06:56:53.289230,THY6ZA,A320,Turkish Airlines,TK,THY,30975,471,LTFM,Istanbul Airport,Turkey,LTAP,Merzifon Airport,Turkey,LTFM (Istanbul Airport) → LTAP (Merzifon Airport)
2025-04-09T06:56:53.289230,UAE8X,B77W,Emirates,EK,UAE,36000,456,OMDB,Dubai International Airport,United Arab Emirates,EDDF,Frankfurt Airport,Germany,OMDB (Dubai International Airport) → EDDF (Frankfurt Airport)
2025-04-09T06:56:53.289230,GLF6,GLF6,Gulfstream Aerospace,,GLF,47000,570,,,,,,,? (Unknown) → ? (Unknown)
2025-04-09T06:56:53.289230,KAL541,B77L,Korean Air,KE,KAL,36000,442,RKSI,Seoul Incheon International Airport,South Korea,LOWW,Vienna International Airport,Austria,RKSI (Seoul Incheon International Airport) → LOWW (Vienna International Airport)
2025-04-09T06:56:53.289230,THY7YB,B739,Turkish Airlines,TK,THY,35000,498,LTFM,Istanbul Airport,Turkey,LTFH,Samsun Carsamba Airport,Turkey,LTFM (Istanbul Airport) → LTFH (Samsun Carsamba Airport)
2025-04-09T06:56:53.289230,THY2CT,A321,Turkish Airlines,TK,THY,35000,498,LTFM,Istanbul Airport,Turkey,LTCE,Erzurum Airport,Turkey,LTFM (Istanbul Airport) → LTCE (Erzurum Airport)
2025-04-09T06:56:53.289230,PGT1631,A320,Pegasus,PC,PGT,34000,444,LTAU,Kayseri Erkilet International Airport,Turkey,EHRD,Rotterdam The Hague Airport,Netherlands,LTAU (Kayseri Erkilet International Airport) → EHRD (Rotterdam The Hague Airport)
2025-04-09T06:56:53.289230,SIA346,B77W,Singapore Airlines,SQ,SIA,34000,412,WSSS,Singapore Changi Airport,Singapore,LSZH,Zurich Airport,Switzerland,WSSS (Singapore Changi Airport) → LSZH (Zurich Airport)
2025-04-09T06:56:53.289230,DLH759,A343,Lufthansa,LH,DLH,34000,433,VOMM,Chennai International Airport,India,EDDF,Frankfurt Airport,Germany,VOMM (Chennai International Airport) → EDDF (Frankfurt Airport)
2025-04-09T06:56:53.289230,THY3SB,B739,Turkish Airlines,TK,THY,35000,486,LTFM,Istanbul Airport,Turkey,LTFO,Rize Artvin Airport,Turkey,LTFM (Istanbul Airport) → LTFO (Rize Artvin Airport)
2025-04-09T06:56:53.289230,CCA859,A333,Air China,CA,CCA,38000,407,ZBAA,Beijing Capital International Airport,China,LTFM,Istanbul Airport,Turkey,ZBAA (Beijing Capital International Airport) → LTFM (Istanbul Airport)
2025-04-09T06:56:53.289230,SIA366,A359,Singapore Airlines,SQ,SIA,42350,450,WSSS,Singapore Changi Airport,Singapore,LIRF,Rome Leonardo da Vinci Fiumicino Airport,Italy,WSSS (Singapore Changi Airport) → LIRF (Rome Leonardo da Vinci Fiumicino Airport)
2025-04-09T06:56:53.289230,CAL075,A359,China Airlines,CI,CAL,40000,434,RCTP,Taipei Taoyuan International Airport,Taiwan,LIRF,Rome Leonardo da Vinci Fiumicino Airport,Italy,RCTP (Taipei Taoyuan International Airport) → LIRF (Rome Leonardo da Vinci Fiumicino Airport)
2025-04-09T06:56:53.289230,SIA7364,B744,Singapore Airlines,SQ,SIA,34050,423,OMSJ,Sharjah International Airport,United Arab Emirates,EBBR,Brussels Airport,Belgium,OMSJ (Sharjah International Airport) → EBBR (Brussels Airport)
2025-04-09T06:56:53.289230,TKJ2MB,A321,BBN Airlines,B5,BBT,32275,374,UBBB,Baku Heydar Aliyev International Airport,Azerbaijan,LTFJ,Istanbul Sabiha Gokcen International Airport,Turkey,UBBB (Baku Heydar Aliyev International Airport) → LTFJ (Istanbul Sabiha Gokcen International Airport)
2025-04-09T06:56:53.289230,ETD2,B789,Etihad Airways,EY,ETD,38975,516,KJFK,New York John F. Kennedy International Airport,United States,OMAA,Abu Dhabi Zayed International Airport,United Arab Emirates,KJFK (New York John F. Kennedy International Airport) → OMAA (Abu Dhabi Zayed International Airport)
2025-04-09T06:56:53.289230,TKJ3311,A320,Turkish Airlines,TK,THY,29625,379,LTFH,Samsun Carsamba Airport,Turkey,LTFJ,Istanbul Sabiha Gokcen International Airport,Turkey,LTFH (Samsun Carsamba Airport) → LTFJ (Istanbul Sabiha Gokcen International Airport)
2025-04-09T06:56:53.289230,SXS6C,B738,SunExpress,XQ,SXS,23400,465,LTBJ,Izmir Adnan Menderes International Airport,Turkey,LTFH,Samsun Carsamba Airport,Turkey,LTBJ (Izmir Adnan Menderes International Airport) → LTFH (Samsun Carsamba Airport)
2025-04-09T06:56:53.289230,IAE1825,SU95,IrAero,IO,IAE,34000,342,URSS,Sochi International Airport,Russia,LTAI,Antalya Airport,Turkey,URSS (Sochi International Airport) → LTAI (Antalya Airport)
2025-04-09T06:56:53.289230,WZZ10WS,A21N,Wizz Air,W6,WZZ,35975,370,UGKO,Kutaisi International Airport,Georgia,EPWA,Warsaw Chopin Airport,Poland,UGKO (Kutaisi International Airport) → EPWA (Warsaw Chopin Airport)
2025-04-09T06:56:53.289230,THY7RT,B739,Turkish Airlines,TK,THY,37000,486,LTFM,Istanbul Airport,Turkey,LTCG,Trabzon Airport,Turkey,LTFM (Istanbul Airport) → LTCG (Trabzon Airport)
2025-04-09T06:56:53.289230,KLM872,B78X,KLM,KL,KLM,38000,426,VIDP,Delhi Indira Gandhi International Airport,India,EHAM,Amsterdam Schiphol Airport,Netherlands,VIDP (Delhi Indira Gandhi International Airport) → EHAM (Amsterdam Schiphol Airport)
2025-04-09T06:56:53.289230,UAE145,B77W,Emirates,EK,UAE,34000,432,OMDB,Dubai International Airport,United Arab Emirates,EHAM,Amsterdam Schiphol Airport,Netherlands,OMDB (Dubai International Airport) → EHAM (Amsterdam Schiphol Airport)
2025-04-09T06:56:53.289230,ITY769,A339,ITA Airways,AZ,ITY,38000,416,VIDP,Delhi Indira Gandhi International Airport,India,LIRF,Rome Leonardo da Vinci Fiumicino Airport,Italy,VIDP (Delhi Indira Gandhi International Airport) → LIRF (Rome Leonardo da Vinci Fiumicino Airport)
2025-04-09T06:56:53.289230,AFL2138,B738,Aeroflot,SU,AFL,34000,150,UUEE,Moscow Sheremetyevo International Airport,Russia,LTFM,Istanbul Airport,Turkey,UUEE (Moscow Sheremetyevo International Airport) → LTFM (Istanbul Airport)
2025-04-09T06:56:53.289230,CES703,A332,China Eastern Airlines,MU,CES,38000,388,ZSPD,Shanghai Pudong International Airport,China,LTFM,Istanbul Airport,Turkey,ZSPD (Shanghai Pudong International Airport) → LTFM (Istanbul Airport)
2025-04-09T06:56:53.289230,UAE3Q,A388,Emirates,EK,UAE,40000,419,OMDB,Dubai International Airport,United Arab Emirates,LFPG,Paris Charles de Gaulle Airport,France,OMDB (Dubai International Airport) → LFPG (Paris Charles de Gaulle Airport)
2025-04-09T06:56:53.289230,THY2GW,A21N,Turkish Airlines,TK,THY,35950,354,UBBB,Baku Heydar Aliyev International Airport,Azerbaijan,LTFM,Istanbul Airport,Turkey,UBBB (Baku Heydar Aliyev International Airport) → LTFM (Istanbul Airport)
2025-04-09T06:56:53.289230,TGZ651,B737,Georgian Airways,A9,TGZ,40000,398,UGTB,Tbilisi International Airport,Georgia,EHAM,Amsterdam Schiphol Airport,Netherlands,UGTB (Tbilisi International Airport) → EHAM (Amsterdam Schiphol Airport)
2025-04-09T06:56:53.289230,PGT705,A20N,Pegasus,PC,PGT,31975,392,UCFM,Bishkek Manas International Airport,Kyrgyzstan,LTFJ,Istanbul Sabiha Gokcen International Airport,Turkey,UCFM (Bishkek Manas International Airport) → LTFJ (Istanbul Sabiha Gokcen International Airport)
2025-04-09T06:56:53.289230,DLH753,B789,Lufthansa,LH,DLH,36000,416,VOHS,Hyderabad Rajiv Gandhi International Airport,India,EDDF,Frankfurt Airport,Germany,VOHS (Hyderabad Rajiv Gandhi International Airport) → EDDF (Frankfurt Airport)
2025-04-09T06:56:53.289230,FDB1835,B38M,flydubai,FZ,FDB,40000,404,OMDB,Dubai International Airport,United Arab Emirates,EPWA,Warsaw Chopin Airport,Poland,OMDB (Dubai International Airport) → EPWA (Warsaw Chopin Airport)
